"Data","Último","Abertura","Máximo","Mínimo","Vol.","% var."
"02.06.2024","284,20","284,20","284,20","284,20","","1,99%"
"26.05.2024","278,65","273,25","273,25","273,25","","1,98%"
"19.05.2024","273,25","271,25","271,25","271,25","","8,48%"
"12.05.2024","251,90","244,85","244,85","244,85","","2,03%"
"05.05.2024","246,90","241,40","241,40","241,40","","-0,80%"
"28.04.2024","248,90","295,45","295,45","295,45","0,00K","-11,46%"
"21.04.2024","281,10","273,50","280,50","273,50","0,01K","-3,05%"
"14.04.2024","289,95","276,50","290,25","274,25","0,05K","4,66%"
"07.04.2024","277,05","259,05","259,05","259,05","0,00K","5,02%"
"31.03.2024","263,80","243,00","254,10","243,00","0,02K","13,44%"
"24.03.2024","232,55","232,00","235,75","232,00","0,04K","2,31%"
"17.03.2024","227,30","217,75","217,75","217,75","","3,77%"
"10.03.2024","219,05","233,25","233,25","228,25","0,00K","-4,91%"
"03.03.2024","230,35","228,90","235,00","228,00","0,05K","-1,37%"
"25.02.2024","233,55","236,15","245,50","216,25","0,40K","1,24%"
"18.02.2024","230,70","234,00","237,05","230,50","1,68K","-1,24%"
"11.02.2024","233,60","237,05","237,90","230,00","1,31K","-1,70%"
"04.02.2024","237,65","235,20","238,30","231,00","2,52K","0,42%"
"28.01.2024","236,65","235,10","240,45","233,00","2,05K","0,08%"
"21.01.2024","236,45","229,20","239,45","228,75","4,01K","4,19%"
"14.01.2024","226,95","221,10","230,90","216,55","3,91K","2,21%"
"07.01.2024","222,05","224,15","230,00","220,60","2,97K","-1,18%"
"31.12.2023","224,70","242,00","242,00","223,00","2,42K","-7,01%"
"24.12.2023","241,65","236,50","244,80","234,55","0,91K","2,79%"
"17.12.2023","235,10","246,00","247,05","231,05","1,86K","-1,45%"
"10.12.2023","238,55","220,00","231,00","220,00","0,05K","10,18%"
"03.12.2023","216,50","225,90","237,00","219,00","0,13K","-5,06%"
"26.11.2023","228,05","205,30","239,00","205,30","0,47K","9,56%"
"19.11.2023","208,15","206,75","211,45","204,05","0,64K","2,56%"
"12.11.2023","202,95","208,55","213,05","204,55","0,80K","-2,92%"
"05.11.2023","209,05","204,50","212,00","202,15","1,74K","2,90%"
"29.10.2023","203,15","193,25","204,50","192,00","1,95K","4,02%"
"22.10.2023","195,30","196,80","203,65","193,00","2,10K","-1,36%"
"15.10.2023","198,00","187,50","198,30","185,40","2,96K","5,71%"
"08.10.2023","187,30","178,05","189,15","176,10","1,92K","4,93%"
"01.10.2023","178,50","177,50","184,70","177,00","2,17K","-0,34%"
"24.09.2023","179,10","185,00","185,75","176,55","1,88K","-3,71%"
"17.09.2023","186,00","193,00","196,50","184,60","0,69K","-5,73%"
"10.09.2023","197,30","186,50","189,50","185,50","0,03K","8,74%"
"03.09.2023","181,45","187,10","188,75","183,00","0,03K","-3,33%"
"27.08.2023","187,70","193,00","193,00","182,25","0,16K","-0,79%"
"20.08.2023","189,20","191,35","194,00","186,65","0,45K","-0,42%"
"13.08.2023","190,00","189,50","191,00","183,85","1,66K","-0,68%"
"06.08.2023","191,30","194,00","197,40","189,55","1,76K","-1,67%"
"30.07.2023","194,55","189,80","201,50","188,50","3,90K","2,77%"
"23.07.2023","189,30","191,35","197,10","189,25","3,26K","6,20%"
"16.07.2023","178,25","176,20","191,80","176,20","","-4,01%"
"09.07.2023","185,70","182,20","182,20","182,20","","-0,62%"
"02.07.2023","186,85","186,45","186,45","186,45","","1,30%"
"25.06.2023","184,45","193,65","193,65","193,65","","-4,82%"
"18.06.2023","193,80","216,10","216,10","216,10","","-10,32%"
"11.06.2023","216,10","223,65","223,65","223,65","","-6,21%"
"04.06.2023","230,40","220,40","220,40","220,40","","6,32%"
"28.05.2023","216,70","218,45","218,45","218,45","","-0,80%"
"21.05.2023","218,45","225,00","225,00","225,00","0,00K","-6,26%"
"14.05.2023","233,05","222,00","226,50","221,00","0,01K","5,93%"
"07.05.2023","220,00","223,00","223,00","218,40","0,02K","-2,93%"
"30.04.2023","226,65","221,95","225,00","221,95","0,02K","-0,81%"
"23.04.2023","228,50","244,00","246,50","227,00","0,68K","-7,55%"
"16.04.2023","247,15","252,05","261,00","245,00","0,27K","-0,68%"
"09.04.2023","248,85","238,00","257,55","236,70","0,41K","3,69%"
"02.04.2023","240,00","224,50","238,50","224,50","0,47K","7,62%"
"26.03.2023","223,00","229,95","230,30","217,85","0,33K","-2,43%"
"19.03.2023","228,55","223,05","227,00","222,50","0,04K","2,53%"
"12.03.2023","222,90","223,50","223,50","223,50","0,10K","0,45%"
"05.03.2023","221,90","216,30","216,30","216,30","","0,89%"
"26.02.2023","219,95","237,00","240,00","217,00","0,23K","-5,88%"
"19.02.2023","233,70","233,50","242,40","233,00","0,36K","0,02%"
"12.02.2023","233,65","233,95","237,80","228,10","1,87K","0,49%"
"05.02.2023","232,50","232,00","238,50","229,30","1,67K","1,09%"
"29.01.2023","230,00","230,00","244,50","228,00","2,81K","0,44%"
"22.01.2023","229,00","204,55","230,15","204,50","2,40K","11,71%"
"15.01.2023","205,00","200,15","205,50","199,00","1,23K","1,94%"
"08.01.2023","201,10","208,70","210,00","191,75","2,68K","-3,08%"
"01.01.2023","207,50","219,10","219,55","206,10","1,36K","-4,38%"
"25.12.2022","217,00","219,00","222,65","214,40","0,99K","-0,80%"
"18.12.2022","218,75","215,05","219,80","213,00","0,60K","3,04%"
"11.12.2022","212,30","215,20","215,20","215,20","","4,17%"
"04.12.2022","203,80","207,00","207,00","207,00","","-1,55%"
"27.11.2022","207,00","200,00","217,25","197,65","0,46K","3,34%"
"20.11.2022","200,30","190,50","202,00","190,45","0,92K","5,28%"
"13.11.2022","190,25","202,25","204,75","188,00","1,89K","-7,22%"
"06.11.2022","205,05","208,20","208,20","194,95","2,75K","-1,65%"
"30.10.2022","208,50","201,50","213,25","200,70","1,98K","2,43%"
"23.10.2022","203,55","225,00","228,50","200,00","2,61K","-10,33%"
"16.10.2022","227,00","234,95","238,50","220,15","2,55K","-3,14%"
"09.10.2022","234,35","254,40","257,55","233,60","2,78K","-8,22%"
"02.10.2022","255,35","261,35","263,90","251,40","4,07K","-2,54%"
"25.09.2022","262,00","259,95","270,55","259,00","5,26K","0,60%"
"18.09.2022","260,45","264,00","264,00","257,40","0,77K","2,94%"
"11.09.2022","253,00","265,85","265,85","265,85","","-6,57%"
"04.09.2022","270,80","272,50","272,50","268,75","0,10K","-0,57%"
"28.08.2022","272,35","286,80","292,40","271,00","0,92K","-4,35%"
"21.08.2022","284,75","257,45","289,95","256,75","0,68K","10,07%"
"14.08.2022","258,70","267,10","268,00","254,50","1,91K","-3,42%"
"07.08.2022","267,85","253,90","268,90","251,55","2,87K","6,29%"
"31.07.2022","252,00","261,90","267,05","250,50","5,32K","-3,76%"
"24.07.2022","261,85","250,80","264,85","250,60","2,36K","4,59%"
"17.07.2022","250,35","260,50","263,00","249,65","0,52K","1,54%"
"10.07.2022","246,55","264,00","264,00","264,00","","-9,34%"
"03.07.2022","271,95","279,10","279,10","279,10","","-4,29%"
"26.06.2022","284,15","277,95","277,95","277,95","0,00K","0,87%"
"19.06.2022","281,70","283,10","283,10","283,10","","-0,49%"
"12.06.2022","283,10","277,40","277,40","277,40","","-0,58%"
"05.06.2022","284,75","289,05","289,05","289,05","","-1,61%"
"29.05.2022","289,40","285,50","285,50","285,50","","1,37%"
"22.05.2022","285,50","263,05","263,05","263,05","","8,47%"
"15.05.2022","263,20","275,00","275,00","275,00","","2,04%"
"08.05.2022","257,95","246,20","246,20","246,20","","0,66%"
"01.05.2022","256,25","270,00","270,00","270,00","","-5,36%"
"24.04.2022","270,75","279,40","279,40","259,50","0,00K","-4,55%"
"17.04.2022","283,65","277,20","281,35","269,00","0,10K","1,76%"
"10.04.2022","278,75","280,10","293,05","274,65","0,01K","-2,28%"
"03.04.2022","285,25","282,05","287,50","279,00","0,12K","0,80%"
"27.03.2022","283,00","275,15","284,95","264,05","0,05K","2,85%"
"20.03.2022","275,15","279,35","279,35","273,00","0,00K","4,16%"
"13.03.2022","264,15","260,00","260,00","260,00","","-1,29%"
"06.03.2022","267,60","281,00","281,00","274,00","0,32K","-0,59%"
"27.02.2022","269,20","289,00","289,00","269,20","0,31K","-7,25%"
"20.02.2022","290,25","298,90","304,00","287,90","1,40K","-3,54%"
"13.02.2022","300,90","303,00","306,50","299,10","3,60K","-0,84%"
"06.02.2022","303,45","292,05","306,90","291,25","5,28K","3,94%"
"30.01.2022","291,95","290,00","295,80","287,50","2,66K","1,02%"
"23.01.2022","289,00","293,05","295,90","285,30","4,11K","-1,21%"
"16.01.2022","292,55","290,10","297,10","289,05","2,74K","0,71%"
"09.01.2022","290,50","288,55","295,30","282,25","4,81K","0,54%"
"02.01.2022","288,95","274,80","289,20","265,00","3,94K","5,46%"
"26.12.2021","274,00","276,90","277,75","268,05","1,41K","-1,03%"
"19.12.2021","276,85","273,95","281,25","271,05","1,11K","2,42%"
"12.12.2021","270,30","272,50","277,00","272,50","0,52K","1,60%"
"05.12.2021","266,05","285,00","287,00","274,00","0,47K","-5,34%"
"28.11.2021","281,05","285,00","286,50","263,20","1,02K","0,11%"
"21.11.2021","280,75","269,95","287,80","263,00","1,93K","3,98%"
"14.11.2021","270,00","250,95","274,00","250,00","2,10K","9,18%"
"07.11.2021","247,30","243,00","250,00","235,00","3,90K","1,81%"
"31.10.2021","242,90","242,70","251,90","241,90","1,79K","0,10%"
"24.10.2021","242,65","240,10","251,35","236,25","2,24K","1,61%"
"17.10.2021","238,80","244,50","249,85","235,10","2,85K","-2,63%"
"10.10.2021","245,25","239,25","254,00","237,25","2,40K","1,76%"
"03.10.2021","241,00","241,60","247,80","229,45","1,90K","-0,66%"
"26.09.2021","242,60","233,35","245,70","229,50","3,11K","3,99%"
"19.09.2021","233,30","223,45","233,70","223,00","0,98K","4,88%"
"12.09.2021","222,45","218,55","218,55","218,55","","1,02%"
"05.09.2021","220,20","228,00","228,00","220,00","0,17K","-2,89%"
"29.08.2021","226,75","227,00","235,25","227,00","0,44K","0,93%"
"22.08.2021","224,65","210,55","228,90","208,50","1,62K","6,37%"
"15.08.2021","211,20","216,15","221,00","207,05","1,10K","-3,14%"
"08.08.2021","218,05","210,75","224,30","209,45","2,54K","4,01%"
"01.08.2021","209,65","216,50","219,65","204,45","1,43K","-3,79%"
"25.07.2021","217,90","229,00","256,20","216,50","3,19K","-1,67%"
"18.07.2021","221,60","228,00","240,00","225,30","0,98K","16,11%"
"11.07.2021","190,85","181,10","181,10","181,10","","6,80%"
"04.07.2021","178,70","179,35","179,35","179,35","","-0,36%"
"27.06.2021","179,35","187,40","187,40","187,40","0,00K","-3,34%"
"20.06.2021","185,55","187,70","187,70","184,90","0,00K","5,52%"
"13.06.2021","175,85","181,45","181,45","181,45","","-5,41%"
"06.06.2021","185,90","189,45","189,45","188,00","","-2,90%"
"30.05.2021","191,45","192,25","192,25","192,25","0,20K","-0,47%"
"23.05.2021","192,35","174,65","174,65","174,65","","12,26%"
"16.05.2021","171,35","171,50","178,50","171,50","0,07K","3,94%"
"09.05.2021","164,85","174,70","174,70","171,50","0,45K","-6,07%"
"02.05.2021","175,50","170,00","178,15","162,25","0,26K","9,41%"
"25.04.2021","160,40","156,85","167,40","156,85","0,42K","1,29%"
"18.04.2021","158,35","151,15","157,60","149,90","0,25K","6,06%"
"11.04.2021","149,30","146,85","154,05","142,15","0,90K","1,15%"
"04.04.2021","147,60","141,95","149,70","139,75","0,86K","5,17%"
"28.03.2021","140,35","147,40","149,10","139,70","0,45K","-5,62%"
"21.03.2021","148,70","146,00","148,35","144,30","1,12K","7,36%"
"14.03.2021","138,50","149,50","149,50","149,50","0,16K","-6,26%"
"07.03.2021","147,75","144,00","149,00","144,00","0,20K","3,43%"
"28.02.2021","142,85","154,00","154,00","148,00","0,21K","-7,00%"
"21.02.2021","153,60","144,60","158,45","141,35","0,43K","6,08%"
"14.02.2021","144,80","141,55","145,00","141,50","0,56K","5,00%"
"07.02.2021","137,90","142,45","143,15","137,50","0,96K","-3,30%"
"31.01.2021","142,60","142,45","144,50","139,70","0,66K","0,07%"
"24.01.2021","142,50","142,00","145,00","140,25","0,75K","0,14%"
"17.01.2021","142,30","147,00","147,00","142,10","0,61K","-1,69%"
"10.01.2021","144,75","139,20","148,25","136,75","1,76K","3,65%"
"03.01.2021","139,65","140,90","143,60","136,15","1,14K","-0,43%"
"27.12.2020","140,25","139,30","142,20","136,50","0,41K","0,47%"
"20.12.2020","139,60","139,40","141,60","136,60","0,39K","1,16%"
"13.12.2020","138,00","137,80","140,50","137,80","","4,62%"
"06.12.2020","131,90","129,00","129,00","129,00","","3,94%"
"29.11.2020","126,90","131,75","131,75","127,85","0,05K","-6,21%"
"22.11.2020","135,30","127,00","131,60","121,65","0,50K","8,24%"
"15.11.2020","125,00","119,55","132,00","118,00","0,97K","3,82%"
"08.11.2020","120,40","118,55","122,65","117,50","1,95K","2,69%"
"01.11.2020","117,25","113,30","117,25","111,45","0,91K","3,30%"
"25.10.2020","113,50","113,90","116,90","112,25","1,20K","-0,04%"
"18.10.2020","113,55","114,80","115,50","110,75","1,50K","-0,79%"
"11.10.2020","114,45","118,20","119,50","113,00","1,64K","-3,17%"
"04.10.2020","118,20","114,30","120,20","112,05","1,69K","3,23%"
"27.09.2020","114,50","121,30","121,30","110,70","2,22K","-4,66%"
"20.09.2020","120,10","116,20","121,50","114,05","1,01K","6,47%"
"13.09.2020","112,80","125,40","125,40","125,40","0,00K","-18,53%"
"06.09.2020","138,45","137,75","137,75","137,75","","-1,39%"
"30.08.2020","140,40","132,00","141,00","132,00","0,27K","8,80%"
"23.08.2020","129,05","119,05","127,70","119,00","0,23K","7,95%"
"16.08.2020","119,55","116,00","120,45","114,90","0,63K","3,91%"
"09.08.2020","115,05","117,70","119,60","112,00","0,69K","-1,88%"
"02.08.2020","117,25","125,30","126,80","116,50","1,00K","-4,48%"
"26.07.2020","122,75","112,00","122,85","111,25","0,86K","8,63%"
"19.07.2020","113,00","113,00","113,00","110,50","0,10K","-2,88%"
"12.07.2020","116,35","111,55","111,55","111,55","","5,87%"
"05.07.2020","109,90","111,30","111,30","111,30","","-6,86%"
"28.06.2020","118,00","113,25","113,25","113,25","","7,96%"
"21.06.2020","109,30","109,70","109,70","109,70","","2,34%"
"14.06.2020","106,80","107,10","107,10","107,10","","-1,75%"
"07.06.2020","108,70","113,60","113,60","113,60","","-4,31%"
"31.05.2020","113,60","112,80","112,80","112,80","","3,13%"
"24.05.2020","110,15","119,80","119,80","119,80","","-8,06%"
"17.05.2020","119,80","113,65","113,65","113,65","","6,54%"
"10.05.2020","112,45","117,95","117,95","117,95","","-5,86%"
"03.05.2020","119,45","111,00","111,00","111,00","0,10K","6,41%"
"26.04.2020","112,25","112,10","114,00","110,60","0,06K","-0,66%"
"19.04.2020","113,00","122,15","123,35","112,00","0,21K","-7,45%"
"12.04.2020","122,10","126,00","127,50","123,50","0,46K","-2,67%"
"05.04.2020","125,45","124,30","128,00","123,40","0,05K","1,37%"
"29.03.2020","123,75","125,50","126,50","124,30","0,06K","3,90%"
"22.03.2020","119,10","130,00","132,45","123,55","0,25K","-12,91%"
"15.03.2020","136,75","118,50","118,50","118,50","0,02K","6,50%"
"08.03.2020","128,40","129,00","129,00","129,00","0,00K","1,54%"
"01.03.2020","126,45","135,25","138,50","134,50","","-4,49%"
"23.02.2020","132,40","127,25","129,50","124,20","","1,26%"
"16.02.2020","130,75","130,50","130,90","130,50","0,00K","-0,23%"
"09.02.2020","131,05","118,40","131,00","117,50","0,85K","10,82%"
"02.02.2020","118,25","120,00","120,00","116,60","0,32K","-0,34%"
"26.01.2020","118,65","124,60","125,40","116,40","0,92K","-6,76%"
"19.01.2020","127,25","130,40","131,75","127,50","0,48K","-2,49%"
"12.01.2020","130,50","134,70","135,00","129,10","1,11K","-5,37%"
"05.01.2020","137,90","140,85","143,20","135,75","1,64K","-4,50%"
"29.12.2019","144,40","151,20","151,75","144,00","0,66K","-5,34%"
"22.12.2019","152,55","146,60","151,00","143,20","0,26K","2,73%"
"15.12.2019","148,50","152,20","152,20","144,60","0,99K","2,95%"
"08.12.2019","144,25","137,00","137,00","137,00","0,00K","5,56%"
"01.12.2019","136,65","129,85","138,50","129,85","0,22K","5,24%"
"24.11.2019","129,85","124,50","130,10","124,00","1,38K","4,17%"
"17.11.2019","124,65","121,45","126,10","117,10","0,83K","0,65%"
"10.11.2019","123,85","126,30","126,30","121,55","0,47K","-3,24%"
"03.11.2019","128,00","123,25","128,15","121,95","1,15K","3,52%"
"27.10.2019","123,65","118,10","122,90","116,00","1,44K","4,66%"
"20.10.2019","118,15","113,55","118,50","112,50","1,32K","4,19%"
"13.10.2019","113,40","111,95","114,00","109,40","1,20K","1,43%"
"06.10.2019","111,80","117,85","118,00","109,75","1,84K","-4,77%"
"29.09.2019","117,40","119,00","122,05","117,10","1,35K","-1,39%"
"22.09.2019","119,05","117,50","121,30","116,25","2,04K","3,97%"
"15.09.2019","114,50","114,50","114,50","114,50","","-5,02%"
"08.09.2019","120,55","112,00","115,35","112,00","0,08K","6,63%"
"01.09.2019","113,05","113,05","113,05","113,05","","0,31%"
"25.08.2019","112,70","110,80","114,10","110,50","0,46K","1,21%"
"18.08.2019","111,35","111,25","113,70","108,55","0,65K","0,50%"
"11.08.2019","110,80","115,90","115,90","112,00","0,16K","-5,02%"
"04.08.2019","116,65","118,65","118,70","114,10","0,29K","-0,81%"
"28.07.2019","117,60","121,00","124,00","116,00","0,31K","-2,61%"
"21.07.2019","120,75","124,25","125,00","120,70","0,24K","-4,77%"
"14.07.2019","126,80","126,80","126,80","126,80","","0,71%"
"07.07.2019","125,90","128,60","128,80","127,00","0,06K","-4,29%"
"30.06.2019","131,55","129,00","129,00","129,00","0,01K","1,23%"
"23.06.2019","129,95","129,00","129,00","127,75","0,05K","9,39%"
"16.06.2019","118,80","116,45","116,45","116,45","0,00K","4,44%"
"09.06.2019","113,75","114,25","114,25","114,25","0,00K","-5,44%"
"02.06.2019","120,30","120,30","120,30","120,30","","-3,84%"
"26.05.2019","125,10","110,00","120,70","110,00","0,01K","13,57%"
"19.05.2019","110,15","102,00","110,00","102,00","0,04K","9,60%"
"12.05.2019","100,50","100,50","100,50","100,50","0,00K","-2,71%"
"05.05.2019","103,30","103,00","103,70","102,00","0,25K","0,29%"
"28.04.2019","103,00","106,75","106,75","103,65","0,17K","-4,23%"
"21.04.2019","107,55","106,00","106,55","104,00","0,31K","3,17%"
"14.04.2019","104,25","105,05","105,70","101,00","0,09K","-0,29%"
"07.04.2019","104,55","108,00","109,75","105,00","0,13K","-3,42%"
"31.03.2019","108,25","107,30","111,35","106,30","0,13K","-1,55%"
"24.03.2019","109,95","110,50","110,50","109,10","0,02K","0,69%"
"17.03.2019","109,20","109,20","109,20","109,20","","-1,22%"
"10.03.2019","110,55","111,00","111,00","111,00","0,03K","-0,85%"
"03.03.2019","111,50","111,50","111,50","111,50","","-1,89%"
"24.02.2019","113,65","112,50","113,00","109,70","0,55K","0,98%"
"17.02.2019","112,55","114,80","114,90","111,80","0,96K","-2,13%"
"10.02.2019","115,00","123,10","123,10","114,50","1,00K","-6,24%"
"03.02.2019","122,65","124,50","127,50","122,90","0,96K","-1,72%"
"27.01.2019","124,80","127,50","128,50","122,50","1,71K","-2,00%"
"20.01.2019","127,35","126,50","128,30","123,60","0,85K","0,32%"
"13.01.2019","126,95","124,95","127,90","121,60","1,40K","0,59%"
"06.01.2019","126,20","123,50","129,90","123,50","1,27K","1,61%"
"30.12.2018","124,20","122,25","125,45","121,25","0,82K","1,68%"
"23.12.2018","122,15","122,00","125,85","121,60","0,61K","0,33%"
"16.12.2018","121,75","120,50","124,60","120,25","0,84K","7,70%"
"09.12.2018","113,05","120,20","120,20","120,20","0,01K","-2,12%"
"02.12.2018","115,50","125,15","125,15","122,90","0,14K","-4,86%"
"25.11.2018","121,40","125,15","129,50","121,65","0,22K","-3,42%"
"18.11.2018","125,70","132,80","132,80","125,60","0,96K","-4,27%"
"11.11.2018","131,30","132,00","132,70","125,95","0,50K","-2,01%"
"04.11.2018","134,00","138,00","139,60","133,50","1,10K","-2,86%"
"28.10.2018","137,95","143,20","144,80","130,60","1,06K","-2,30%"
"21.10.2018","141,20","142,85","146,70","137,20","2,58K","-2,28%"
"14.10.2018","144,50","133,00","148,45","133,00","2,12K","9,84%"
"07.10.2018","131,55","126,90","133,15","126,90","1,56K","3,50%"
"30.09.2018","127,10","117,65","129,00","117,60","1,75K","7,39%"
"23.09.2018","118,35","114,05","119,70","111,40","1,34K","2,33%"
"16.09.2018","115,65","114,80","116,00","113,50","0,15K","-7,74%"
"09.09.2018","125,35","121,50","122,00","121,50","0,12K","5,34%"
"02.09.2018","119,00","119,50","121,55","118,00","0,05K","-0,17%"
"26.08.2018","119,20","118,95","125,00","118,00","0,55K","-0,67%"
"19.08.2018","120,00","121,55","122,00","115,30","0,48K","-0,74%"
"12.08.2018","120,90","126,50","127,00","120,35","0,56K","-4,43%"
"05.08.2018","126,50","127,15","129,90","125,70","0,33K","0,52%"
"29.07.2018","125,85","130,50","132,50","124,75","0,46K","-2,74%"
"22.07.2018","129,40","131,25","132,60","127,75","0,34K","6,63%"
"15.07.2018","121,35","121,35","121,35","121,35","","0,12%"
"08.07.2018","121,20","121,20","121,20","121,20","","-4,38%"
"01.07.2018","126,75","126,75","126,75","126,75","","-0,24%"
"24.06.2018","127,05","127,05","127,05","127,05","","-2,42%"
"17.06.2018","130,20","130,20","130,20","130,20","","-1,33%"
"10.06.2018","131,95","131,95","131,95","131,95","","-2,04%"
"03.06.2018","134,70","134,70","134,70","134,70","","-5,11%"
"27.05.2018","141,95","141,95","141,95","141,95","","2,23%"
"20.05.2018","138,85","138,85","138,85","138,85","","1,28%"
"13.05.2018","137,10","137,10","137,10","137,10","","-1,26%"
"06.05.2018","138,85","138,85","138,85","138,85","","-4,70%"
"29.04.2018","145,70","145,70","145,70","145,70","","0,07%"
"22.04.2018","145,60","145,60","145,60","145,60","","4,37%"
"15.04.2018","139,50","139,50","139,50","139,50","","-1,45%"
"08.04.2018","141,55","141,55","141,55","141,55","","-0,14%"
"01.04.2018","141,75","141,75","141,75","141,75","","-0,67%"
"25.03.2018","142,70","142,70","142,70","142,70","","0,92%"
"18.03.2018","141,40","141,40","141,40","141,40","","2,24%"
"11.03.2018","138,30","138,30","138,30","138,30","","-1,78%"
"04.03.2018","140,80","140,80","140,80","140,80","","-1,40%"
"25.02.2018","142,80","141,25","144,20","139,50","1,05K","0,53%"
"18.02.2018","142,05","142,00","144,00","135,95","1,75K","0,21%"
"11.02.2018","141,75","148,90","149,70","141,00","1,20K","-4,22%"
"04.02.2018","148,00","151,20","154,70","147,90","1,61K","-2,28%"
"28.01.2018","151,45","157,30","158,50","151,30","1,29K","-4,15%"
"21.01.2018","158,00","154,25","158,00","152,80","2,12K","2,27%"
"14.01.2018","154,50","153,95","157,20","152,60","4,37K","0,36%"
"07.01.2018","153,95","160,00","160,15","152,70","1,09K","-4,73%"
"31.12.2017","161,60","157,85","165,00","157,50","1,55K","2,83%"
"24.12.2017","157,15","151,95","157,90","151,80","0,77K","3,15%"
"17.12.2017","152,35","154,00","156,40","151,50","0,76K","5,14%"
"10.12.2017","144,90","152,00","152,00","146,50","0,06K","-3,24%"
"03.12.2017","149,75","160,05","160,10","160,05","0,04K","-5,79%"
"26.11.2017","158,95","156,00","163,00","155,25","2,80K","2,25%"
"19.11.2017","155,45","152,50","158,00","152,00","1,86K","2,00%"
"12.11.2017","152,40","155,50","157,25","152,80","0,90K","-2,50%"
"05.11.2017","156,30","154,25","157,30","152,55","1,90K","1,82%"
"29.10.2017","153,50","157,25","157,85","151,30","1,20K","-2,38%"
"22.10.2017","157,25","154,45","157,50","151,50","1,39K","1,45%"
"15.10.2017","155,00","155,00","157,70","151,00","2,12K","0,10%"
"08.10.2017","154,85","159,60","161,80","153,50","1,59K","-2,95%"
"01.10.2017","159,55","156,80","160,00","153,70","2,81K","1,79%"
"24.09.2017","156,75","164,75","165,25","155,50","2,22K","-4,88%"
"17.09.2017","164,80","165,80","166,60","164,25","0,30K","-2,80%"
"10.09.2017","169,55","169,55","169,55","169,55","0,01K","9,04%"
"03.09.2017","155,50","152,05","155,85","152,05","0,05K","1,40%"
"27.08.2017","153,35","155,00","156,00","150,00","0,97K","-1,13%"
"20.08.2017","155,10","155,00","155,90","149,85","1,01K","0,88%"
"13.08.2017","153,75","167,50","168,50","152,80","2,96K","-7,93%"
"06.08.2017","167,00","168,65","172,00","164,00","1,20K","-0,74%"
"30.07.2017","168,25","164,70","169,50","162,60","2,08K","2,06%"
"23.07.2017","164,85","161,50","165,60","153,60","1,75K","5,84%"
"16.07.2017","155,75","155,75","155,75","155,75","","0,19%"
"09.07.2017","155,45","155,45","155,45","155,45","","4,57%"
"02.07.2017","148,65","144,00","145,30","144,00","0,04K","2,27%"
"25.06.2017","145,35","145,35","145,35","145,35","0,01K","3,86%"
"18.06.2017","139,95","139,95","139,95","139,95","","-3,28%"
"11.06.2017","144,70","144,70","144,70","144,70","","-2,66%"
"04.06.2017","148,65","148,65","148,65","148,65","","0,88%"
"28.05.2017","147,35","152,15","152,15","146,80","0,15K","-4,81%"
"21.05.2017","154,80","154,80","154,80","154,80","","0,68%"
"14.05.2017","153,75","153,75","153,75","153,75","","-2,35%"
"07.05.2017","157,45","157,45","157,45","157,45","","-0,41%"
"30.04.2017","158,10","158,10","158,10","158,10","","1,74%"
"23.04.2017","155,40","154,00","154,00","154,00","0,20K","-0,51%"
"16.04.2017","156,20","156,20","156,20","156,20","","-5,79%"
"09.04.2017","165,80","168,00","168,00","163,00","0,00K","-0,90%"
"02.04.2017","167,30","167,30","167,30","167,30","","0,60%"
"26.03.2017","166,30","160,80","160,80","160,80","50,40K","1,37%"
"19.03.2017","164,05","164,05","164,05","164,05","","-2,47%"
"12.03.2017","168,20","172,00","172,00","166,00","0,22K","5,65%"
"05.03.2017","159,20","159,20","159,20","159,20","","-1,33%"
"26.02.2017","161,35","161,80","161,80","156,20","0,13K","-5,42%"
"19.02.2017","170,60","174,00","177,25","169,00","1,70K","-1,10%"
"12.02.2017","172,50","173,15","173,50","167,00","2,85K","-0,86%"
"05.02.2017","174,00","175,50","175,75","169,55","1,97K","-0,85%"
"29.01.2017","175,50","183,00","183,00","173,80","1,23K","-4,36%"
"22.01.2017","183,50","184,80","188,50","180,25","0,91K","-0,33%"
"15.01.2017","184,10","179,00","184,45","177,65","1,51K","3,02%"
"08.01.2017","178,70","170,85","182,20","169,60","2,71K","4,50%"
"01.01.2017","171,00","160,15","173,10","160,15","1,69K","6,98%"
"25.12.2016","159,85","161,30","163,65","158,00","41,03M","-1,33%"
"18.12.2016","162,00","171,50","171,50","161,95","27,86M","-0,83%"
"11.12.2016","163,35","163,35","163,35","163,35","","2,19%"
"04.12.2016","159,85","159,85","159,85","159,85","","-4,45%"
"27.11.2016","167,30","179,20","183,00","171,00","24,57M","-9,10%"
"20.11.2016","184,05","190,50","192,10","179,00","16,29M","-3,18%"
"13.11.2016","190,10","192,00","194,00","189,70","32,40M","-0,81%"
"06.11.2016","191,65","204,75","211,25","190,10","172,49M","-6,60%"
"30.10.2016","205,20","198,00","205,90","194,25","95,01M","3,48%"
"23.10.2016","198,30","187,50","199,85","186,50","176,95M","6,04%"
"16.10.2016","187,00","184,15","189,85","184,00","135,52M","1,19%"
"09.10.2016","184,80","177,50","185,50","177,00","136,15M","4,29%"
"02.10.2016","177,20","180,30","180,80","174,75","123,84M","-2,32%"
"25.09.2016","181,40","181,00","184,00","178,15","90,95M","0,33%"
"18.09.2016","180,80","185,00","185,50","180,40","24,32M","4,15%"
"11.09.2016","173,60","176,00","176,00","176,00","57,69K","-2,11%"
"04.09.2016","177,35","179,50","181,50","177,00","2,24M","-0,11%"
"28.08.2016","177,55","171,50","180,00","168,30","17,68M","3,74%"
"21.08.2016","171,15","168,50","175,00","168,00","128,88M","2,30%"
"14.08.2016","167,30","166,70","170,00","164,05","18,34M","0,27%"
"07.08.2016","166,85","173,00","175,00","165,35","46,04M","-3,83%"
"31.07.2016","173,50","173,95","176,50","166,00","59,71M","-0,12%"
"24.07.2016","173,70","169,45","175,60","165,65","68,50M","2,54%"
"17.07.2016","169,40","175,70","176,00","167,00","50,42M","1,07%"
"10.07.2016","167,60","167,60","167,60","167,60","","2,38%"
"03.07.2016","163,70","163,70","163,70","163,70","","-1,65%"
"26.06.2016","166,45","166,45","166,45","166,45","","9,11%"
"19.06.2016","152,55","152,55","152,55","152,55","","-5,28%"
"12.06.2016","161,05","162,00","162,00","162,00","55,43K","3,24%"
"05.06.2016","156,00","156,00","156,00","156,00","","9,09%"
"29.05.2016","143,00","143,00","143,00","143,00","","5,15%"
"22.05.2016","136,00","136,00","136,00","136,00","","-3,34%"
"15.05.2016","140,70","140,70","140,70","140,70","","-3,30%"
"08.05.2016","145,50","145,50","145,50","145,50","","4,98%"
"01.05.2016","138,60","138,60","138,60","138,60","","1,91%"
"24.04.2016","136,00","136,00","136,00","136,00","","-2,02%"
"17.04.2016","138,80","138,80","138,80","138,80","","0,47%"
"10.04.2016","138,15","138,15","138,15","138,15","","2,14%"
"03.04.2016","135,25","135,25","135,25","135,25","","-5,58%"
"27.03.2016","143,25","143,25","143,25","143,25","","-0,76%"
"20.03.2016","144,35","144,35","144,35","144,35","","-5,10%"
"13.03.2016","152,10","152,10","152,10","152,10","","7,53%"
"06.03.2016","141,45","134,00","136,50","133,00","9,27M","4,93%"
"28.02.2016","134,80","127,50","134,50","125,00","27,50M","5,23%"
"21.02.2016","128,10","130,00","132,75","127,35","44,60M","-1,12%"
"14.02.2016","129,55","135,30","135,60","128,75","37,78M","-4,74%"
"07.02.2016","136,00","142,00","142,00","131,00","52,77M","-4,02%"
"31.01.2016","141,70","138,45","146,50","138,45","121,49M","1,58%"
"24.01.2016","139,50","138,50","144,00","138,30","45,77M","0,90%"
"17.01.2016","138,25","138,50","142,10","134,30","76,70M","-0,90%"
"10.01.2016","139,50","145,20","145,20","137,65","47,87M","-3,93%"
"03.01.2016","145,20","148,20","152,10","143,40","58,46M","-3,26%"
"27.12.2015","150,10","146,00","150,30","143,10","24,23M","1,90%"
"20.12.2015","147,30","145,25","147,80","143,00","19,39M","5,48%"
"13.12.2015","139,65","139,65","139,65","139,65","","-1,72%"
"06.12.2015","142,10","142,10","142,10","142,10","","-3,40%"
"29.11.2015","147,10","143,00","148,15","138,40","7,64M","1,10%"
"22.11.2015","145,50","144,00","147,00","141,95","32,11M","1,75%"
"15.11.2015","143,00","138,50","143,50","136,60","66,13M","3,51%"
"08.11.2015","138,15","144,00","145,70","137,90","77,67M","-3,59%"
"01.11.2015","143,30","143,55","148,70","142,50","104,22M","-2,35%"
"25.10.2015","146,75","144,00","148,00","141,50","50,05M","2,16%"
"18.10.2015","143,65","154,80","155,50","143,25","84,68M","-7,14%"
"11.10.2015","154,70","160,00","167,40","154,30","157,95M","-3,40%"
"04.10.2015","160,15","150,70","163,40","150,00","98,22M","6,31%"
"27.09.2015","150,65","148,95","152,25","145,50","63,51M","1,11%"
"20.09.2015","149,00","139,40","149,95","138,50","65,73M","7,85%"
"13.09.2015","138,15","138,15","138,15","138,15","","-0,97%"
"06.09.2015","139,50","147,00","147,00","146,05","503,32K","-2,58%"
"30.08.2015","143,20","150,00","150,80","142,60","62,49M","-4,53%"
"23.08.2015","150,00","156,10","157,50","146,30","51,30M","-3,85%"
"16.08.2015","156,00","178,50","178,95","155,50","44,83M","-12,85%"
"09.08.2015","179,00","159,75","181,50","159,00","119,68M","12,58%"
"02.08.2015","159,00","155,00","161,95","152,05","58,42M","1,92%"
"26.07.2015","156,00","153,30","158,40","152,50","44,64M","1,33%"
"19.07.2015","153,95","153,00","155,00","152,00","5,92M","-1,57%"
"12.07.2015","156,40","156,40","156,40","156,40","","3,78%"
"05.07.2015","150,70","150,70","150,70","150,70","","-3,24%"
"28.06.2015","155,75","155,75","155,75","155,75","","-3,83%"
"21.06.2015","161,95","161,95","161,95","161,95","","3,55%"
"14.06.2015","156,40","156,40","156,40","156,40","","-3,49%"
"07.06.2015","162,05","162,05","162,05","162,05","","-1,58%"
"31.05.2015","164,65","164,65","164,65","164,65","","5,75%"
"24.05.2015","155,70","155,70","155,70","155,70","","-1,17%"
"17.05.2015","157,55","157,55","157,55","157,55","","-10,84%"
"10.05.2015","176,70","176,70","176,70","176,70","","3,55%"
"03.05.2015","170,65","170,65","170,65","170,65","","-3,04%"
"26.04.2015","176,00","162,30","162,30","162,30","94,91K","-3,16%"
"19.04.2015","181,75","181,75","181,75","181,75","","1,08%"
"12.04.2015","179,80","179,80","179,80","179,80","","3,07%"
"05.04.2015","174,45","174,45","174,45","174,45","","-3,94%"
"29.03.2015","181,60","181,60","181,60","181,60","","2,71%"
"22.03.2015","176,80","176,80","176,80","176,80","","-1,91%"
"15.03.2015","180,25","170,00","173,80","170,00","166,06K","6,19%"
"08.03.2015","169,75","171,00","172,00","169,25","11,93M","-6,16%"
"01.03.2015","180,90","171,00","177,25","164,25","9,33M","-1,15%"
"22.02.2015","183,00","185,50","185,65","173,25","44,00M","-1,08%"
"15.02.2015","185,00","194,00","194,00","182,20","22,07M","-6,94%"
"08.02.2015","198,80","206,55","208,00","195,10","93,08M","-4,05%"
"01.02.2015","207,20","201,25","209,50","197,50","106,91M","3,08%"
"25.01.2015","201,00","198,50","209,50","197,65","119,70M","1,62%"
"18.01.2015","197,80","207,50","211,00","194,15","78,06M","-4,93%"
"11.01.2015","208,05","223,50","225,50","206,85","135,84M","-5,84%"
"04.01.2015","220,95","198,90","223,00","196,50","110,88M","11,76%"
"28.12.2014","197,70","205,00","205,10","197,10","20,32M","-4,22%"
"21.12.2014","206,40","212,60","213,00","204,50","16,14M","-3,08%"
"14.12.2014","212,95","219,40","219,40","212,00","12,06M","1,70%"
"07.12.2014","209,40","217,00","218,00","215,85","2,51M","-3,50%"
"30.11.2014","217,00","222,05","228,00","217,05","25,15M","-3,45%"
"23.11.2014","224,75","233,00","236,00","226,00","28,94M","-2,28%"
"16.11.2014","230,00","228,00","239,00","225,50","64,70M","0,92%"
"09.11.2014","227,90","216,00","229,90","214,10","96,95M","5,12%"
"02.11.2014","216,80","218,00","223,00","215,50","90,91M","-0,55%"
"26.10.2014","218,00","221,95","224,00","213,50","82,97M","-1,58%"
"19.10.2014","221,50","237,05","237,05","217,95","220,11M","-7,03%"
"12.10.2014","238,25","250,50","253,50","237,30","179,87M","-5,27%"
"05.10.2014","251,50","239,00","256,40","238,40","221,60M","5,74%"
"28.09.2014","237,85","221,00","245,45","220,20","301,27M","7,14%"
"21.09.2014","222,00","213,70","227,00","213,55","198,31M","6,55%"
"14.09.2014","208,35","212,00","212,00","212,00","7,55M","-3,96%"
"07.09.2014","216,95","226,50","227,00","212,00","12,31M","-6,49%"
"31.08.2014","232,00","235,20","244,00","229,50","18,99M","-1,44%"
"24.08.2014","235,40","221,50","238,50","219,00","118,93M","6,61%"
"17.08.2014","220,80","223,15","225,55","215,50","59,67M","-1,38%"
"10.08.2014","223,90","216,80","226,50","215,30","119,03M","4,02%"
"03.08.2014","215,25","231,25","235,00","214,00","232,54M","-6,58%"
"27.07.2014","230,40","215,30","249,60","214,00","244,23M","7,09%"
"20.07.2014","215,15","211,50","218,50","211,50","57,62M","6,35%"
"13.07.2014","202,30","202,30","202,30","202,30","","7,41%"
"06.07.2014","188,35","188,35","188,35","188,35","","-6,18%"
"29.06.2014","200,75","200,75","200,75","200,75","","-1,01%"
"22.06.2014","202,80","202,80","202,80","202,80","","-1,84%"
"15.06.2014","206,60","206,60","206,60","206,60","","-0,53%"
"08.06.2014","207,70","207,70","207,70","207,70","","0,97%"
"01.06.2014","205,70","205,70","205,70","205,70","","-3,06%"
"25.05.2014","212,20","212,20","212,20","212,20","","-2,57%"
"18.05.2014","217,80","217,80","217,80","217,80","","-0,91%"
"11.05.2014","219,80","219,80","219,80","219,80","","0,92%"
"04.05.2014","217,80","217,80","217,80","217,80","","-10,30%"
"27.04.2014","242,80","242,80","242,80","242,80","","-1,82%"
"20.04.2014","247,30","247,30","247,30","247,30","","2,19%"
"13.04.2014","242,00","242,00","242,00","242,00","","-0,49%"
"06.04.2014","243,20","243,20","243,20","243,20","","10,10%"
"30.03.2014","220,90","199,00","199,00","199,00","316,45K","2,08%"
"23.03.2014","216,40","216,40","216,40","216,40","","8,12%"
"16.03.2014","200,15","227,95","229,00","227,95","5,12M","-16,24%"
"09.03.2014","238,95","247,00","247,00","220,00","4,97M","0,80%"
"02.03.2014","237,05","205,00","237,20","205,00","4,52M","13,97%"
"23.02.2014","208,00","202,00","209,00","201,00","33,21M","6,72%"
"16.02.2014","194,90","160,50","197,50","157,50","33,77M","21,43%"
"09.02.2014","160,50","159,60","164,00","156,60","67,25M","0,31%"
"02.02.2014","160,00","146,75","167,50","146,25","107,45M","8,84%"
"26.01.2014","147,00","138,00","147,25","136,15","73,43M","6,52%"
"19.01.2014","138,00","141,90","143,00","136,55","34,46M","-2,34%"
"12.01.2014","141,30","145,50","146,05","140,10","37,51M","-3,19%"
"05.01.2014","145,95","142,20","148,00","141,75","91,74M","2,78%"
"29.12.2013","142,00","142,00","143,10","134,70","37,29M","-0,04%"
"22.12.2013","142,05","141,00","144,35","140,60","29,15M","0,74%"
"15.12.2013","141,00","141,50","142,20","138,35","25,12M","3,18%"
"08.12.2013","136,65","130,00","135,55","130,00","3,65M","8,71%"
"01.12.2013","125,70","131,20","132,00","128,00","21,91M","-4,19%"
"24.11.2013","131,20","126,15","132,00","125,95","30,77M","3,35%"
"17.11.2013","126,95","124,60","132,50","124,60","21,42M","1,52%"
"10.11.2013","125,05","127,50","130,00","124,40","34,37M","-1,19%"
"03.11.2013","126,55","127,20","127,85","123,85","46,80M","-0,43%"
"27.10.2013","127,10","134,75","134,75","125,70","52,14M","-5,33%"
"20.10.2013","134,25","138,10","138,10","134,05","53,28M","-2,86%"
"13.10.2013","138,20","141,00","142,00","138,15","61,36M","-1,95%"
"06.10.2013","140,95","137,95","142,50","137,20","46,92M","2,32%"
"29.09.2013","137,75","136,65","140,15","136,10","52,48M","0,58%"
"22.09.2013","136,95","138,55","145,00","136,75","83,94M","1,78%"
"15.09.2013","134,55","134,55","134,55","134,55","","-3,20%"
"08.09.2013","139,00","137,00","137,00","136,60","373,87K","1,53%"
"01.09.2013","136,90","135,25","136,00","134,00","2,88M","2,32%"
"25.08.2013","133,80","136,30","138,35","133,75","49,24M","-1,91%"
"18.08.2013","136,40","144,15","144,80","134,70","39,28M","-5,28%"
"11.08.2013","144,00","147,00","150,00","143,50","71,57M","-2,70%"
"04.08.2013","148,00","141,00","149,20","139,60","106,79M","4,96%"
"28.07.2013","141,00","147,15","147,50","137,60","57,04M","-3,62%"
"21.07.2013","146,30","150,95","151,00","144,55","35,97M","-0,61%"
"14.07.2013","147,20","147,20","147,20","147,20","","3,23%"
"07.07.2013","142,60","142,60","142,60","142,60","","-1,96%"
"30.06.2013","145,45","145,45","145,45","145,45","","-0,17%"
"23.06.2013","145,70","145,70","145,70","145,70","","2,00%"
"16.06.2013","142,85","142,85","142,85","142,85","","-2,76%"
"09.06.2013","146,90","146,90","146,90","146,90","","-3,29%"
"02.06.2013","151,90","151,90","151,90","151,90","","-0,78%"
"26.05.2013","153,10","153,10","153,10","153,10","","-0,29%"
"19.05.2013","153,55","153,55","153,55","153,55","","-4,15%"
"12.05.2013","160,20","170,50","170,50","170,50","1,92M","-5,29%"
"05.05.2013","169,15","162,20","167,25","162,20","400,31K","3,33%"
"28.04.2013","163,70","156,05","162,50","156,05","258,05K","5,61%"
"21.04.2013","155,00","165,60","165,60","157,80","2,03M","-7,19%"
"14.04.2013","167,00","157,90","166,00","157,90","1,71M","4,18%"
"07.04.2013","160,30","165,10","165,25","160,50","2,80M","-3,23%"
"31.03.2013","165,65","165,00","165,05","162,50","861,69K","1,81%"
"24.03.2013","162,70","161,00","163,90","161,00","490,37K","1,24%"
"17.03.2013","160,70","158,70","160,00","158,70","5,71M","0,66%"
"10.03.2013","159,65","169,40","169,50","169,00","930,77K","-5,28%"
"03.03.2013","168,55","171,00","172,00","170,80","304,40K","0,03%"
"24.02.2013","168,50","169,15","169,50","165,00","56,29M","-0,24%"
"17.02.2013","168,90","167,75","169,20","163,50","64,90M","0,39%"
"10.02.2013","168,25","174,35","174,35","167,60","36,87M","-2,94%"
"03.02.2013","173,35","182,50","182,90","171,30","73,50M","-5,25%"
"27.01.2013","182,95","181,50","185,15","180,70","91,50M","0,97%"
"20.01.2013","181,20","192,00","192,90","180,50","94,86M","-5,99%"
"13.01.2013","192,75","189,25","194,50","187,40","136,62M","1,47%"
"06.01.2013","189,95","183,60","190,00","181,60","98,69M","3,29%"
"30.12.2012","183,90","183,35","189,50","178,70","40,44M","0,38%"
"23.12.2012","183,20","183,10","186,45","181,55","16,13M","0,83%"
"16.12.2012","181,70","180,50","183,50","179,00","34,58M","4,70%"
"09.12.2012","173,55","179,00","179,50","179,00","1,64M","-6,09%"
"02.12.2012","184,80","180,00","186,50","178,05","3,80M","2,30%"
"25.11.2012","180,65","184,65","190,00","179,00","47,60M","-1,95%"
"18.11.2012","184,25","189,50","194,00","182,15","61,27M","-2,31%"
"11.11.2012","188,60","191,65","197,00","187,00","83,47M","-1,75%"
"04.11.2012","191,95","200,00","200,75","191,20","86,03M","-3,59%"
"28.10.2012","199,10","202,50","209,00","198,50","74,92M","-2,07%"
"21.10.2012","203,30","209,00","214,50","202,60","147,11M","-3,21%"
"14.10.2012","210,05","208,50","212,50","205,00","108,42M","0,70%"
"07.10.2012","208,60","218,05","219,80","208,10","69,00M","-4,42%"
"30.09.2012","218,25","222,00","237,45","217,55","252,07M","-1,82%"
"23.09.2012","222,30","223,65","224,75","216,70","89,50M","-0,31%"
"16.09.2012","223,00","229,30","229,30","216,05","17,52M","-2,28%"
"09.09.2012","228,20","212,25","230,00","212,25","5,25M","10,24%"
"02.09.2012","207,00","205,00","209,70","204,10","2,80M","1,25%"
"26.08.2012","204,45","209,50","213,50","203,30","41,56M","-1,54%"
"19.08.2012","207,65","213,50","218,30","207,10","35,83M","-2,79%"
"12.08.2012","213,60","224,00","224,00","209,50","103,24M","-6,50%"
"05.08.2012","228,45","223,70","230,00","214,15","205,86M","1,83%"
"29.07.2012","224,35","223,35","232,30","220,70","211,36M","0,56%"
"22.07.2012","223,10","234,10","235,55","221,00","142,08M","-3,88%"
"15.07.2012","232,10","229,50","229,50","229,50","232,36K","1,02%"
"08.07.2012","229,75","229,75","229,75","229,75","","3,26%"
"01.07.2012","222,50","210,00","226,40","210,00","917,75K","5,50%"
"24.06.2012","210,90","194,55","210,90","194,55","2,34M","7,25%"
"17.06.2012","196,65","190,25","190,25","190,25","385,43K","5,78%"
"10.06.2012","185,90","192,25","192,25","191,00","1,19M","-3,18%"
"03.06.2012","192,00","195,00","195,00","192,25","468,59K","-2,93%"
"27.05.2012","197,80","203,25","203,25","194,75","1,02M","-6,39%"
"20.05.2012","211,30","211,30","211,30","211,30","","-2,02%"
"13.05.2012","215,65","215,65","215,65","215,65","","0,77%"
"06.05.2012","214,00","214,05","214,05","213,00","124,16K","0,47%"
"29.04.2012","213,00","214,50","214,50","214,00","245,90K","-2,29%"
"22.04.2012","218,00","220,90","221,80","218,00","950,63K","-1,78%"
"15.04.2012","221,95","222,00","222,00","213,30","1,17M","-0,89%"
"08.04.2012","223,95","227,40","228,00","225,70","1,66M","-4,34%"
"01.04.2012","234,10","234,10","234,10","234,10","","0,04%"
"25.03.2012","234,00","230,90","231,00","228,40","167,21K","2,41%"
"18.03.2012","228,50","227,00","227,00","227,00","164,80K","0,48%"
"11.03.2012","227,40","235,85","235,85","232,75","936,58K","-3,58%"
"04.03.2012","235,85","256,00","262,10","239,00","1,80M","-8,05%"
"26.02.2012","256,50","266,50","268,35","253,00","100,22M","-3,79%"
"19.02.2012","266,60","267,40","270,50","264,65","103,93M","-0,24%"
"12.02.2012","267,25","291,60","293,25","262,15","348,62M","-8,10%"
"05.02.2012","290,80","294,40","300,15","289,55","273,60M","-1,17%"
"29.01.2012","294,25","295,95","296,90","287,50","214,20M","-0,64%"
"22.01.2012","296,15","305,40","306,00","295,30","199,26M","-3,00%"
"15.01.2012","305,30","305,50","310,55","301,00","285,84M","0,11%"
"08.01.2012","304,95","299,30","318,00","297,00","438,68M","1,89%"
"01.01.2012","299,30","303,80","309,30","293,75","234,53M","-1,51%"
"25.12.2011","303,90","296,55","307,80","294,40","98,97M","2,25%"
"18.12.2011","297,20","299,00","301,95","295,70","52,68M","0,25%"
"11.12.2011","296,45","308,95","309,00","306,00","4,87M","-4,22%"
"04.12.2011","309,50","316,30","322,00","313,20","18,10M","-1,21%"
"27.11.2011","313,30","308,55","323,35","306,25","92,02M","1,20%"
"20.11.2011","309,60","321,10","321,15","309,00","134,34M","-3,42%"
"13.11.2011","320,55","323,85","326,50","318,50","156,01M","-1,03%"
"06.11.2011","323,90","328,05","333,25","317,45","450,68M","-0,95%"
"30.10.2011","327,00","326,40","329,10","315,60","318,32M","-0,06%"
"23.10.2011","327,20","331,85","340,00","322,50","507,83M","-1,12%"
"16.10.2011","330,90","330,45","332,95","317,25","630,13M","0,12%"
"09.10.2011","330,50","316,50","334,90","313,00","329,78M","4,69%"
"02.10.2011","315,70","307,05","326,20","295,00","555,76M","2,68%"
"25.09.2011","307,45","311,40","325,25","303,50","395,76M","0,21%"
"18.09.2011","306,80","341,00","345,00","306,00","119,55M","-10,06%"
"11.09.2011","341,10","351,00","359,00","336,00","13,94M","-3,23%"
"04.09.2011","352,50","369,00","369,00","350,00","24,80M","-5,72%"
"28.08.2011","373,90","364,00","378,00","363,20","153,24M","2,95%"
"21.08.2011","363,20","347,90","363,75","346,50","98,75M","4,10%"
"14.08.2011","348,90","315,00","349,25","314,45","566,92M","10,62%"
"07.08.2011","315,40","318,40","321,00","306,30","300,57M","-1,00%"
"31.07.2011","318,60","316,60","323,50","311,00","370,89M","0,85%"
"24.07.2011","315,90","317,60","322,90","314,00","224,49M","-0,39%"
"17.07.2011","317,15","316,00","319,50","313,60","57,71M","-3,01%"
"10.07.2011","327,00","327,00","327,00","327,00","","-2,50%"
"03.07.2011","335,40","335,40","335,40","335,40","","-0,53%"
"26.06.2011","337,20","331,00","331,00","331,00","156,71K","4,43%"
"19.06.2011","322,90","320,00","320,00","320,00","152,39K","-1,24%"
"12.06.2011","326,95","326,95","326,95","326,95","","-6,43%"
"05.06.2011","349,40","334,95","342,50","334,95","3,11M","-1,85%"
"29.05.2011","356,00","356,00","356,00","356,00","","3,41%"
"22.05.2011","344,25","344,25","344,25","344,25","","3,04%"
"15.05.2011","334,10","334,10","334,10","334,10","","-4,13%"
"08.05.2011","348,50","369,50","374,00","354,60","1,60M","-5,68%"
"01.05.2011","369,50","388,00","397,00","369,50","6,10M","-5,22%"
"24.04.2011","389,85","386,40","390,00","379,00","30,19M","0,75%"
"17.04.2011","386,95","376,00","386,00","374,50","24,18M","2,94%"
"10.04.2011","375,90","358,50","376,50","355,30","20,95M","6,17%"
"03.04.2011","354,05","334,80","352,50","334,80","2,20M","4,61%"
"27.03.2011","338,45","344,00","344,00","339,00","3,62M","-2,97%"
"20.03.2011","348,80","360,00","360,00","343,00","1,61M","-3,89%"
"13.03.2011","362,90","355,00","355,00","345,00","5,59M","1,94%"
"06.03.2011","356,00","356,00","375,00","356,00","1,99M","-0,10%"
"27.02.2011","356,35","351,00","358,00","350,10","31,76M","1,87%"
"20.02.2011","349,80","352,00","365,05","348,40","86,51M","-0,64%"
"13.02.2011","352,05","335,10","353,20","331,10","244,12M","5,07%"
"06.02.2011","335,05","332,60","337,70","327,60","244,13M","0,81%"
"30.01.2011","332,35","317,95","338,10","317,50","420,64M","4,61%"
"23.01.2011","317,70","303,60","318,25","300,00","370,92M","4,75%"
"16.01.2011","303,30","294,95","303,50","288,00","416,13M","2,85%"
"09.01.2011","294,90","287,50","303,75","286,80","593,31M","2,90%"
"02.01.2011","286,60","289,00","293,70","283,25","377,95M","-0,81%"
"26.12.2010","288,95","288,50","294,85","283,50","101,92M","0,50%"
"19.12.2010","287,50","266,00","296,95","266,00","254,21M","8,49%"
"12.12.2010","265,00","253,00","265,00","253,00","8,28M","6,92%"
"05.12.2010","247,85","247,50","253,50","246,00","17,29M","0,14%"
"28.11.2010","247,50","237,25","248,00","233,00","159,02M","4,39%"
"21.11.2010","237,10","247,00","249,55","235,40","429,54M","-3,89%"
"14.11.2010","246,70","239,45","247,00","231,50","360,50M","3,44%"
"07.11.2010","238,50","242,05","258,00","236,50","707,74M","-1,81%"
"31.10.2010","242,90","239,40","244,00","227,35","398,98M","1,44%"
"24.10.2010","239,45","234,90","239,80","230,45","542,63M","1,94%"
"17.10.2010","234,90","220,00","238,50","217,00","564,03M","6,87%"
"10.10.2010","219,80","215,00","223,15","209,15","234,52M","2,04%"
"03.10.2010","215,40","215,00","215,60","202,55","465,74M","0,12%"
"26.09.2010","215,15","213,10","225,50","213,00","530,55M","0,42%"
"19.09.2010","214,25","222,00","222,00","210,50","105,00M","-5,20%"
"12.09.2010","226,00","228,60","232,00","225,00","20,96M","-1,53%"
"05.09.2010","229,50","232,00","234,45","229,50","12,43M","-0,86%"
"29.08.2010","231,50","228,00","232,00","225,50","30,87M","1,03%"
"22.08.2010","229,15","225,00","229,50","205,85","250,70M","2,00%"
"15.08.2010","224,65","208,55","225,00","206,50","120,20M","7,39%"
"08.08.2010","209,20","199,30","213,20","197,00","191,94M","4,86%"
"01.08.2010","199,50","208,95","215,25","196,20","513,11M","-4,32%"
"25.07.2010","208,50","195,35","211,80","192,60","342,35M","6,76%"
"18.07.2010","195,30","189,95","196,50","189,20","101,41M","0,00%"
"11.07.2010","195,30","195,30","195,30","195,30","","3,77%"
"04.07.2010","188,20","188,20","188,20","188,20","","-1,29%"
"27.06.2010","190,65","186,00","186,00","186,00","401,47K","-2,56%"
"20.06.2010","195,65","195,65","195,65","195,65","","4,68%"
"13.06.2010","186,90","170,00","180,00","170,00","495,50K","9,43%"
"06.06.2010","170,80","173,00","173,00","173,00","376,55K","7,35%"
"30.05.2010","159,10","159,10","159,10","159,10","","-0,93%"
"23.05.2010","160,60","160,60","160,60","160,60","","-6,84%"
"16.05.2010","172,40","172,40","172,40","172,40","","-1,34%"
"09.05.2010","174,75","170,00","170,00","170,00","933,16K","1,33%"
"02.05.2010","172,45","177,00","177,00","171,90","1,27M","-2,54%"
"25.04.2010","176,95","174,90","176,60","173,00","7,84M","1,64%"
"18.04.2010","174,10","164,40","175,00","164,00","16,74M","5,90%"
"11.04.2010","164,40","166,45","167,80","164,40","18,47M","-0,99%"
"04.04.2010","166,05","170,05","173,00","165,55","29,56M","-2,12%"
"28.03.2010","169,65","169,20","171,00","168,00","877,28K","0,24%"
"21.03.2010","169,25","169,00","170,60","168,00","6,43M","1,20%"
"14.03.2010","167,25","167,25","167,25","167,25","","0,36%"
"07.03.2010","166,65","162,40","162,40","162,40","174,25K","2,18%"
"28.02.2010","163,10","159,50","164,00","159,50","697,89K","2,58%"
"21.02.2010","159,00","163,65","163,65","153,50","32,00M","-3,08%"
"14.02.2010","164,05","163,35","165,10","162,70","31,25M","0,31%"
"07.02.2010","163,55","157,55","164,35","156,65","226,66M","4,04%"
"31.01.2010","157,20","160,90","165,35","157,00","265,28M","-2,30%"
"24.01.2010","160,90","169,50","170,00","160,30","199,61M","-5,24%"
"17.01.2010","169,80","173,45","174,65","167,30","253,30M","-2,16%"
"10.01.2010","173,55","176,80","178,35","172,80","229,04M","-2,03%"
"03.01.2010","177,15","170,50","177,70","170,30","219,25M","4,48%"
"27.12.2009","169,55","174,30","175,00","169,00","85,42M","-2,70%"
"20.12.2009","174,25","176,00","178,30","172,70","141,26M","0,23%"
"13.12.2009","173,85","174,65","178,00","174,40","9,79M","1,22%"
"06.12.2009","171,75","173,75","175,00","170,95","13,20M","0,53%"
"29.11.2009","170,85","170,50","174,00","170,50","39,82M","-0,06%"
"22.11.2009","170,95","168,80","173,00","168,10","63,41M","1,36%"
"15.11.2009","168,65","162,05","173,50","162,05","126,55M","3,91%"
"08.11.2009","162,30","167,50","170,50","160,90","213,90M","-3,08%"
"01.11.2009","167,45","163,90","171,20","163,90","189,57M","2,29%"
"25.10.2009","163,70","161,00","165,80","158,50","280,24M","1,65%"
"18.10.2009","161,05","166,20","169,30","161,00","328,32M","-3,13%"
"11.10.2009","166,25","158,20","166,30","157,90","208,41M","5,15%"
"04.10.2009","158,10","153,50","161,00","152,45","265,13M","3,00%"
"27.09.2009","153,50","148,60","153,70","147,10","183,14M","3,02%"
"20.09.2009","149,00","158,15","158,50","148,70","176,56M","-2,42%"
"13.09.2009","152,70","143,25","153,20","143,00","2,70M","6,23%"
"06.09.2009","143,75","142,00","143,00","142,00","1,56M","1,05%"
"30.08.2009","142,25","138,70","142,00","137,00","92,58M","2,71%"
"23.08.2009","138,50","142,30","142,50","138,10","39,25M","-2,50%"
"16.08.2009","142,05","146,40","148,00","140,50","44,70M","-3,47%"
"09.08.2009","147,15","151,05","152,50","145,10","204,19M","-3,10%"
"02.08.2009","151,85","141,10","152,00","141,00","280,92M","7,28%"
"26.07.2009","141,55","138,50","141,70","135,30","238,62M","1,83%"
"19.07.2009","139,00","134,00","140,00","134,00","29,98M","6,60%"
"12.07.2009","130,40","129,00","130,00","129,00","1,63M","3,41%"
"05.07.2009","126,10","130,50","130,50","130,50","868,88K","-2,25%"
"28.06.2009","129,00","133,00","134,50","133,00","3,40M","-0,73%"
"21.06.2009","129,95","130,50","131,75","129,20","3,72M","0,35%"
"14.06.2009","129,50","138,50","138,50","129,00","3,67M","-8,12%"
"07.06.2009","140,95","140,95","140,95","140,95","","-1,74%"
"31.05.2009","143,45","151,80","151,80","150,00","788,47K","-2,32%"
"24.05.2009","146,85","145,00","146,30","145,00","580,85K","1,45%"
"17.05.2009","144,75","143,55","143,55","143,55","349,62K","6,63%"
"10.05.2009","135,75","136,00","136,75","135,80","3,80M","0,74%"
"03.05.2009","134,75","123,00","134,50","123,00","4,23M","9,29%"
"26.04.2009","123,30","124,00","124,00","121,50","10,01M","-0,16%"
"19.04.2009","123,50","119,40","123,90","118,75","11,02M","3,13%"
"12.04.2009","119,75","127,50","127,50","119,20","5,56M","-6,15%"
"05.04.2009","127,60","125,50","128,50","124,45","2,55M","0,16%"
"29.03.2009","127,40","124,00","127,00","123,50","2,70M","0,51%"
"22.03.2009","126,75","127,50","129,50","127,40","345,84K","2,84%"
"15.03.2009","123,25","123,25","123,25","123,25","","5,88%"
"08.03.2009","116,40","112,75","112,75","112,75","105,96K","3,93%"
"01.03.2009","112,00","117,50","117,50","110,00","3,88M","-4,68%"
"22.02.2009","117,50","116,70","120,00","115,70","26,16M","0,43%"
"15.02.2009","117,00","123,35","123,75","116,60","51,94M","-5,11%"
"08.02.2009","123,30","132,00","134,40","122,20","123,08M","-6,70%"
"01.02.2009","132,15","132,00","133,20","126,10","160,07M","0,11%"
"25.01.2009","132,00","132,50","136,40","131,30","159,84M","-0,38%"
"18.01.2009","132,50","128,90","132,90","125,40","164,98M","3,19%"
"11.01.2009","128,40","130,50","131,80","125,80","110,37M","-1,12%"
"04.01.2009","129,85","122,90","133,30","118,00","160,75M","5,57%"
"28.12.2008","123,00","119,30","123,20","117,20","21,31M","3,36%"
"21.12.2008","119,00","122,60","123,00","117,50","24,44M","-2,94%"
"14.12.2008","122,60","124,00","124,00","121,90","20,12M","7,83%"
"07.12.2008","113,70","113,70","113,70","113,70","","6,26%"
"30.11.2008","107,00","120,50","120,50","110,00","4,12M","-11,57%"
"23.11.2008","121,00","118,00","123,00","117,80","49,09M","2,46%"
"16.11.2008","118,10","127,80","128,00","118,70","92,25M","-7,34%"
"09.11.2008","127,45","129,00","133,60","126,30","119,25M","-1,20%"
"02.11.2008","129,00","130,10","136,10","126,00","114,43M","-0,77%"
"26.10.2008","130,00","123,50","131,00","120,65","103,87M","4,84%"
"19.10.2008","124,00","134,75","136,00","121,50","120,04M","-7,94%"
"12.10.2008","134,70","131,30","141,50","129,00","134,43M","2,36%"
"05.10.2008","131,60","145,50","145,50","126,00","308,19M","-9,27%"
"28.09.2008","145,05","161,50","162,40","145,50","258,19M","-10,07%"
"21.09.2008","161,30","164,60","165,50","160,30","204,68M","5,63%"
"14.09.2008","152,70","152,70","152,70","152,70","","-5,45%"
"07.09.2008","161,50","170,20","170,20","161,00","3,69M","-7,32%"
"31.08.2008","174,25","178,00","179,00","174,00","9,10M","-3,14%"
"24.08.2008","179,90","171,55","181,00","171,00","2,84M","4,90%"
"17.08.2008","171,50","166,00","172,00","165,00","3,04M","4,45%"
"10.08.2008","164,20","168,00","170,00","167,00","4,48M","-1,97%"
"03.08.2008","167,50","171,30","174,00","168,00","10,05M","-2,30%"
"27.07.2008","171,45","168,00","172,00","166,60","10,95M","2,05%"
"20.07.2008","168,00","165,50","166,90","165,00","5,08M","1,48%"
"13.07.2008","165,55","165,55","165,55","165,55","","-2,93%"
"06.07.2008","170,55","170,55","170,55","170,55","","-4,40%"
"29.06.2008","178,40","178,40","178,40","178,40","","-1,65%"
"22.06.2008","181,40","181,40","181,40","181,40","","4,79%"
"15.06.2008","173,10","173,10","173,10","173,10","","6,52%"
"08.06.2008","162,50","162,50","162,50","162,50","","-0,43%"
"01.06.2008","163,20","163,20","163,20","163,20","","1,24%"
"25.05.2008","161,20","161,20","161,20","161,20","","-0,86%"
"18.05.2008","162,60","162,60","162,60","162,60","","0,40%"
"11.05.2008","161,95","161,95","161,95","161,95","","3,22%"
"04.05.2008","156,90","156,90","156,90","156,90","","1,88%"
"27.04.2008","154,00","155,00","159,00","155,00","78,49K","-1,28%"
"20.04.2008","156,00","156,00","156,00","156,00","","-4,00%"
"13.04.2008","162,50","158,75","162,00","158,00","831,17K","2,82%"
"06.04.2008","158,05","160,50","160,65","158,10","648,11K","-0,22%"
"30.03.2008","158,40","156,50","156,50","155,00","215,60K","1,21%"
"23.03.2008","156,50","156,50","156,50","156,50","","-0,95%"
"16.03.2008","158,00","158,00","158,00","158,00","","-8,67%"
"09.03.2008","173,00","173,00","173,00","173,00","","-1,14%"
"02.03.2008","175,00","188,50","188,50","188,50","31,75K","-7,89%"
"24.02.2008","190,00","188,50","192,10","185,50","1,31M","1,82%"
"17.02.2008","186,60","176,00","185,10","175,25","3,37M","5,72%"
"10.02.2008","176,50","175,25","186,00","174,40","22,38M","0,57%"
"03.02.2008","175,50","167,60","172,20","167,60","4,82M","4,62%"
"27.01.2008","167,75","162,50","168,50","161,50","15,47M","3,17%"
"20.01.2008","162,60","164,50","166,00","160,75","16,33M","-1,16%"
"13.01.2008","164,50","168,20","170,50","166,30","25,05M","-2,32%"
"06.01.2008","168,40","164,30","169,60","163,00","20,15M","2,22%"
"30.12.2007","164,75","166,00","169,00","166,00","8,91M","-1,02%"
"23.12.2007","166,45","166,00","167,00","163,75","2,84M","0,03%"
"16.12.2007","166,40","161,00","167,80","161,00","6,61M","3,35%"
"09.12.2007","161,00","161,50","161,50","161,50","624,69K","1,90%"
"02.12.2007","158,00","154,50","156,50","154,00","393,46K","1,28%"
"25.11.2007","156,00","153,30","156,15","152,00","23,78M","1,93%"
"18.11.2007","153,05","157,60","157,60","153,00","2,41M","-2,89%"
"11.11.2007","157,60","153,50","158,00","153,50","2,24M","2,14%"
"04.11.2007","154,30","153,45","155,00","151,00","6,30M","0,46%"
"28.10.2007","153,60","152,50","154,30","152,20","5,89M","0,39%"
"21.10.2007","153,00","153,00","154,00","150,00","20,11M","0,00%"
"14.10.2007","153,00","168,50","168,70","153,20","39,49M","-9,23%"
"07.10.2007","168,55","167,40","169,70","162,70","13,35M","0,78%"
"30.09.2007","167,25","156,75","167,10","156,00","29,16M","6,46%"
"23.09.2007","157,10","158,00","161,50","156,50","14,98M","-0,66%"
"16.09.2007","158,15","161,70","161,70","159,00","2,88M","12,16%"
"09.09.2007","141,00","141,00","141,00","141,00","","2,32%"
"02.09.2007","137,80","137,80","137,80","137,80","","-0,43%"
"26.08.2007","138,40","142,30","142,35","139,20","4,37M","-2,88%"
"19.08.2007","142,50","143,50","144,00","141,50","11,63M","-0,97%"
"12.08.2007","143,90","149,50","150,50","140,00","6,65M","-3,78%"
"05.08.2007","149,55","145,00","147,20","144,40","6,00M","2,92%"
"29.07.2007","145,30","139,00","144,50","138,80","12,61M","4,57%"
"22.07.2007","138,95","136,70","140,60","136,50","8,38M","5,67%"
"15.07.2007","131,50","131,50","131,50","131,50","","0,00%"
"08.07.2007","131,50","131,50","131,50","131,50","","1,94%"
"01.07.2007","129,00","129,00","129,00","129,00","","-0,54%"
"24.06.2007","129,70","129,00","129,00","128,70","124,14K","-2,77%"
"17.06.2007","133,40","133,50","133,50","133,50","180,25K","-1,91%"
"10.06.2007","136,00","136,50","136,50","135,80","632,73K","-1,38%"
"03.06.2007","137,90","137,00","137,00","137,00","26,38K","-0,07%"
"27.05.2007","138,00","138,00","138,00","138,00","","2,99%"
"20.05.2007","134,00","134,50","134,50","134,50","264,27K","11,20%"
"13.05.2007","120,50","120,50","120,50","120,50","","0,00%"
"06.05.2007","120,50","120,50","120,50","120,50","","-1,31%"
"29.04.2007","122,10","122,90","124,20","119,25","1,28M","-0,57%"
"22.04.2007","122,80","128,80","128,80","122,25","4,60M","-4,84%"
"15.04.2007","129,05","133,60","133,70","129,20","4,40M","-3,48%"
"08.04.2007","133,70","132,00","135,50","130,10","4,32M","1,25%"
"01.04.2007","132,05","130,20","132,70","129,30","8,46M","1,42%"
"25.03.2007","130,20","135,70","136,70","130,00","7,12M","-3,98%"
"18.03.2007","135,60","133,50","134,70","133,50","5,87M","5,12%"
"11.03.2007","129,00","129,00","129,00","129,00","","0,00%"
"04.03.2007","129,00","128,00","128,00","128,00","81,03K","-1,71%"
"25.02.2007","131,25","139,20","139,20","133,25","6,48M","-6,05%"
"18.02.2007","139,70","134,50","141,10","134,50","3,38M","3,71%"
"11.02.2007","134,70","137,70","137,70","134,70","16,38M","-2,04%"
"04.02.2007","137,50","141,60","141,80","138,40","9,19M","-2,90%"
"28.01.2007","141,60","139,50","143,00","138,80","9,77M","1,61%"
"21.01.2007","139,35","143,10","143,10","139,00","12,82M","-2,69%"
"14.01.2007","143,20","144,00","146,50","142,50","8,61M","-0,62%"
"07.01.2007","144,10","144,80","146,50","140,80","17,98M","-0,41%"
"31.12.2006","144,70","152,00","154,00","148,80","21,00M","-4,74%"
"24.12.2006","151,90","150,70","154,50","150,30","3,83M","0,73%"
"17.12.2006","150,80","148,35","152,80","148,10","8,92M","3,01%"
"10.12.2006","146,40","147,00","147,00","147,00","126,41K","0,97%"
"03.12.2006","145,00","145,00","145,00","145,00","","-1,36%"
"26.11.2006","147,00","138,00","142,00","138,00","6,34M","6,52%"
"19.11.2006","138,00","139,00","139,20","137,00","2,15M","0,88%"
"12.11.2006","136,80","136,50","142,00","136,00","8,69M","0,22%"
"05.11.2006","136,50","132,60","140,20","132,30","14,32M","2,71%"
"29.10.2006","132,90","128,10","132,10","127,50","18,19M","3,75%"
"22.10.2006","128,10","120,30","127,40","120,00","16,75M","6,26%"
"15.10.2006","120,55","123,00","123,00","120,40","4,11M","-1,75%"
"08.10.2006","122,70","123,20","123,20","121,30","4,66M","-0,57%"
"01.10.2006","123,40","126,70","127,10","122,35","8,00M","-2,60%"
"24.09.2006","126,70","123,15","127,40","123,00","9,96M","2,88%"
"17.09.2006","123,15","122,10","122,10","121,55","1,99M","7,09%"
"10.09.2006","115,00","115,00","115,00","115,00","","-4,22%"
"03.09.2006","120,07","124,80","124,80","124,50","242,02K","-0,02%"
"27.08.2006","120,10","125,60","125,60","120,60","9,52M","-4,38%"
"20.08.2006","125,60","123,40","128,50","122,50","5,42M","1,78%"
"13.08.2006","123,40","123,60","124,00","119,80","4,20M","0,00%"
"06.08.2006","123,40","122,90","127,50","122,90","7,69M","0,41%"
"30.07.2006","122,90","116,00","122,80","114,80","5,39M","5,67%"
"23.07.2006","116,30","112,20","114,50","110,60","4,19M","3,56%"
"16.07.2006","112,30","112,30","112,30","112,30","","-2,85%"
"09.07.2006","115,60","115,60","115,60","115,60","","-2,03%"
"02.07.2006","118,00","118,00","118,00","118,00","","3,87%"
"25.06.2006","113,60","111,10","111,60","111,10","121,49K","5,09%"
"18.06.2006","108,10","108,10","108,10","108,10","","-1,82%"
"11.06.2006","110,10","110,10","110,10","110,10","","-1,52%"
"04.06.2006","111,80","111,80","111,80","111,80","","-5,25%"
"28.05.2006","118,00","118,00","118,00","118,00","","2,16%"
"21.05.2006","115,50","115,50","116,70","115,50","182,11K","-6,85%"
"14.05.2006","124,00","124,00","124,00","124,00","","0,00%"
"07.05.2006","124,00","124,00","124,00","124,00","","0,00%"
"30.04.2006","124,00","129,60","129,85","124,00","0,25K","-1,98%"
"23.04.2006","126,50","132,50","132,50","125,00","0,82K","-4,46%"
"16.04.2006","132,40","128,75","133,50","127,70","2,47K","3,60%"
"09.04.2006","127,80","132,40","134,30","126,80","1,08K","-3,11%"
"02.04.2006","131,90","129,50","133,50","128,80","2,17K","2,25%"
"26.03.2006","129,00","128,30","131,50","126,95","2,60K","0,55%"
"19.03.2006","128,30","128,20","129,40","127,50","0,88K","-0,54%"
"12.03.2006","129,00","129,00","129,00","129,00","","-1,90%"
"05.03.2006","131,50","137,00","137,00","133,25","0,04K","-4,19%"
"26.02.2006","137,25","136,00","137,25","135,00","0,28K","0,18%"
"19.02.2006","137,00","138,50","139,70","136,00","1,01K","-1,01%"
"12.02.2006","138,40","143,60","143,60","131,50","2,69K","-3,69%"
"05.02.2006","143,70","144,80","146,00","139,00","3,70K","-1,03%"
"29.01.2006","145,20","151,70","153,00","142,85","4,35K","-4,10%"
"22.01.2006","151,40","145,30","151,50","144,50","4,13K","4,20%"
"15.01.2006","145,30","147,30","151,75","143,50","5,62K","-1,22%"
"08.01.2006","147,10","145,50","149,50","143,70","6,69K","1,45%"
"01.01.2006","145,00","132,30","147,00","132,20","6,59K","9,02%"
"25.12.2005","133,00","127,40","133,30","127,10","2,56K","4,40%"
"18.12.2005","127,40","122,80","128,30","122,60","0,85K","6,17%"
"11.12.2005","120,00","121,20","123,00","117,00","0,27K","1,44%"
"04.12.2005","118,30","118,00","121,00","116,50","1,37K","1,11%"
"27.11.2005","117,00","125,90","126,20","117,20","5,01K","-6,02%"
"20.11.2005","124,50","124,80","129,00","123,50","4,07K","-0,32%"
"13.11.2005","124,90","136,20","136,20","125,00","3,34K","-8,30%"
"06.11.2005","136,20","130,90","136,70","129,00","6,14K","4,05%"
"30.10.2005","130,90","124,00","132,25","121,80","4,42K","5,31%"
"23.10.2005","124,30","127,40","130,00","123,20","8,34K","-2,43%"
"16.10.2005","127,40","123,20","131,60","122,90","8,75K","3,49%"
"09.10.2005","123,10","116,70","125,00","116,60","5,21K","5,67%"
"02.10.2005","116,50","115,00","117,70","112,90","5,47K","1,57%"
"25.09.2005","114,70","111,30","116,00","107,10","6,59K","3,05%"
"18.09.2005","111,30","108,00","113,50","106,00","1,24K","1,69%"
"11.09.2005","109,45","111,60","113,00","109,45","0,08K","-3,14%"
"04.09.2005","113,00","120,30","121,00","111,25","0,68K","-6,30%"
"28.08.2005","120,60","116,00","123,50","114,90","3,35K","3,79%"
"21.08.2005","116,20","121,20","124,00","115,10","3,86K","-4,13%"
"14.08.2005","121,20","130,00","130,00","120,30","4,62K","-6,77%"
"07.08.2005","130,00","129,50","133,90","126,30","8,29K","0,54%"
"31.07.2005","129,30","125,50","132,00","123,70","5,83K","2,38%"
"24.07.2005","126,30","118,80","126,30","117,00","5,51K","5,96%"
"17.07.2005","119,20","119,50","121,20","118,80","0,65K","-6,14%"
"10.07.2005","127,00","125,10","128,00","125,10","0,03K","-0,39%"
"03.07.2005","127,50","126,00","128,50","124,50","0,07K","1,19%"
"26.06.2005","126,00","130,00","131,25","127,00","0,43K","-4,91%"
"19.06.2005","132,50","135,10","138,00","134,00","0,03K","-0,53%"
"12.06.2005","133,20","140,00","140,50","131,00","0,46K","-4,65%"
"05.06.2005","139,70","152,00","154,80","138,45","1,02K","-9,05%"
"29.05.2005","153,60","148,50","153,95","145,00","0,71K","3,36%"
"22.05.2005","148,60","142,70","151,50","142,70","0,39K","2,48%"
"15.05.2005","145,00","146,70","146,70","144,00","0,18K","-3,33%"
"08.05.2005","150,00","150,00","151,80","149,00","0,09K","0,33%"
"01.05.2005","149,50","150,00","153,50","143,95","0,89K","-0,33%"
"24.04.2005","150,00","153,00","159,50","150,00","2,47K","-1,64%"
"17.04.2005","152,50","139,40","154,00","136,50","2,69K","9,32%"
"10.04.2005","139,50","144,00","144,00","137,10","2,75K","-3,59%"
"03.04.2005","144,70","150,80","155,50","142,50","4,42K","-3,79%"
"27.03.2005","150,40","147,00","154,50","144,30","3,71K","2,31%"
"20.03.2005","147,00","147,00","147,00","147,00","","-3,92%"
"13.03.2005","153,00","153,50","157,00","150,00","0,04K","-1,29%"
"06.03.2005","155,00","141,50","155,00","141,50","0,26K","9,15%"
"27.02.2005","142,00","139,00","144,00","139,00","1,52K","2,16%"
"20.02.2005","139,00","142,50","146,00","139,00","1,86K","-2,76%"
"13.02.2005","142,95","137,30","144,80","136,00","4,41K","3,89%"
"06.02.2005","137,60","135,00","140,20","134,50","3,64K","1,25%"
"30.01.2005","135,90","127,90","136,00","127,60","5,17K","6,25%"
"23.01.2005","127,90","127,10","129,60","124,50","4,84K","0,71%"
"16.01.2005","127,00","123,20","128,20","121,50","5,96K","3,25%"
"09.01.2005","123,00","117,50","124,60","116,00","4,38K","4,50%"
"02.01.2005","117,70","125,30","127,00","116,50","5,95K","-6,14%"
"26.12.2004","125,40","127,20","131,10","125,00","5,23K","-2,26%"
"19.12.2004","128,30","125,50","129,00","123,50","3,28K","8,27%"
"12.12.2004","118,50","109,00","118,00","107,00","0,15K","6,28%"
"05.12.2004","111,50","110,00","114,30","108,00","1,54K","1,18%"
"28.11.2004","110,20","107,25","112,50","105,00","4,32K","8,89%"
"21.11.2004","101,20","103,20","103,75","100,90","5,42K","1,10%"
"14.11.2004","100,10","99,50","102,40","99,50","8,77K","7,06%"
"07.11.2004","93,50","92,80","95,10","92,75","9,36K","3,03%"
"31.10.2004","90,75","87,00","91,00","87,00","6,53K","3,71%"
"24.10.2004","87,50","87,80","91,20","87,10","8,15K","1,04%"
"17.10.2004","86,60","86,25","87,40","85,30","9,87K","-0,35%"
"10.10.2004","86,90","87,75","87,75","85,10","6,71K","-1,59%"
"03.10.2004","88,30","87,30","90,30","87,30","9,68K","-2,65%"
"26.09.2004","90,70","90,80","96,50","90,50","11,38K","-0,27%"
"19.09.2004","90,95","86,00","92,00","86,00","5,48K","5,27%"
"12.09.2004","86,40","82,55","86,60","82,00","0,56K","4,85%"
"05.09.2004","82,40","79,90","82,65","79,00","0,46K","3,13%"
"29.08.2004","79,90","79,90","80,90","78,30","3,80K","0,00%"
"22.08.2004","79,90","76,70","80,60","76,70","3,65K","4,31%"
"15.08.2004","76,60","74,70","78,90","74,30","4,51K","2,54%"
"08.08.2004","74,70","75,50","75,90","73,60","5,13K","-0,27%"
"01.08.2004","74,90","74,50","75,40","73,00","4,82K","0,74%"
"25.07.2004","74,35","77,00","77,00","74,10","5,51K","-3,32%"
"18.07.2004","76,90","78,15","81,50","76,90","7,64K","-1,60%"
"11.07.2004","78,15","76,10","78,35","74,90","5,70K","2,83%"
"04.07.2004","76,00","78,70","78,75","75,60","3,52K","-1,55%"
"27.06.2004","77,20","80,80","82,00","78,50","4,66K","-4,69%"
"20.06.2004","81,00","85,00","85,00","80,70","3,36K","-5,15%"
"13.06.2004","85,40","92,00","92,00","85,40","1,12K","-7,27%"
"06.06.2004","92,10","92,10","92,80","91,00","0,79K","-0,22%"
"30.05.2004","92,30","91,10","93,70","89,50","2,36K","1,10%"
"23.05.2004","91,30","79,00","94,00","79,00","6,64K","15,57%"
"16.05.2004","79,00","76,50","76,50","76,50","0,00K","1,67%"
"09.05.2004","77,70","75,20","77,70","75,20","0,01K","3,05%"
"02.05.2004","75,40","74,00","76,70","73,50","0,73K","1,89%"
"25.04.2004","74,00","75,00","76,80","73,80","2,07K","-1,86%"
"18.04.2004","75,40","77,00","78,30","74,30","2,44K","-2,08%"
"11.04.2004","77,00","79,70","80,25","76,60","3,42K","-3,51%"
"04.04.2004","79,80","80,80","81,10","78,75","2,59K","-1,85%"
"28.03.2004","81,30","80,00","81,90","79,80","4,06K","1,88%"
"21.03.2004","79,80","83,45","84,80","78,50","7,96K","-2,68%"
"14.03.2004","82,00","79,00","82,00","79,00","0,05K","3,80%"
"07.03.2004","79,00","78,65","79,20","77,45","0,03K","0,00%"
"29.02.2004","79,00","80,55","80,80","77,50","0,97K","-1,92%"
"22.02.2004","80,55","76,70","81,30","76,40","1,18K","4,81%"
"15.02.2004","76,85","80,10","81,00","76,20","5,66K","-4,12%"
"08.02.2004","80,15","78,40","82,90","77,20","8,61K","2,17%"
"01.02.2004","78,45","81,60","82,80","77,10","10,36K","-3,92%"
"25.01.2004","81,65","79,80","85,20","78,50","14,58K","2,19%"
"18.01.2004","79,90","77,00","82,30","77,00","12,21K","3,56%"
"11.01.2004","77,15","75,10","78,00","74,90","7,99K","2,87%"
"04.01.2004","75,00","70,50","76,50","70,00","12,96K","6,38%"
"28.12.2003","70,50","69,20","70,50","69,10","0,69K","1,88%"
"21.12.2003","69,20","70,20","70,25","69,00","1,65K","7,29%"
"14.12.2003","64,50","68,70","68,70","64,50","0,14K","-6,11%"
"07.12.2003","68,70","67,25","69,70","67,25","0,85K","2,16%"
"30.11.2003","67,25","63,05","67,20","62,80","3,45K","6,58%"
"23.11.2003","63,10","63,25","64,00","63,00","4,01K","-0,24%"
"16.11.2003","63,25","65,00","65,80","63,15","3,20K","-2,54%"
"09.11.2003","64,90","66,20","67,10","64,30","3,81K","-2,41%"
"02.11.2003","66,50","65,80","66,80","65,30","5,09K","0,91%"
"26.10.2003","65,90","69,20","69,20","66,10","","-4,63%"
"19.10.2003","69,10","66,75","68,30","66,70","","3,52%"
"12.10.2003","66,75","65,75","67,00","65,75","","1,52%"
"05.10.2003","65,75","67,80","68,00","66,25","","-3,02%"
"28.09.2003","67,80","67,20","70,20","67,00","2,71K","0,82%"
"21.09.2003","67,25","67,70","69,90","67,10","9,70K","3,94%"
"14.09.2003","64,70","63,20","65,00","63,20","0,06K","-7,57%"
"07.09.2003","70,00","65,80","71,60","65,80","0,49K","7,69%"
"31.08.2003","65,00","62,80","65,75","62,10","1,03K","3,50%"
"24.08.2003","62,80","64,00","64,60","62,30","3,21K","-1,88%"
"17.08.2003","64,00","63,20","64,80","63,00","1,54K","1,27%"
"10.08.2003","63,20","65,25","65,50","63,80","","-2,92%"
"03.08.2003","65,10","68,25","68,30","66,80","0,80K","-4,55%"
"27.07.2003","68,20","65,85","68,70","65,50","9,30K","2,71%"
"20.07.2003","66,40","64,00","66,50","63,90","","5,56%"
"13.07.2003","62,90","63,50","63,50","62,50","0,01K","0,64%"
"06.07.2003","62,50","63,50","64,00","62,00","0,13K","-3,99%"
"29.06.2003","65,10","62,20","66,50","62,15","0,37K","1,72%"
"22.06.2003","64,00","61,70","64,00","60,50","0,29K","3,14%"
"15.06.2003","62,05","64,40","64,55","61,60","0,52K","-3,80%"
"08.06.2003","64,50","64,00","66,20","62,40","1,85K","1,57%"
"01.06.2003","63,50","62,50","64,20","62,20","2,56K","-2,98%"
"25.05.2003","65,45","68,35","68,40","62,50","3,70K","-3,82%"
"18.05.2003","68,05","67,70","69,70","66,80","6,10K","0,52%"
"11.05.2003","67,70","69,20","70,30","64,80","4,09K","-0,88%"
"04.05.2003","68,30","68,10","71,50","67,00","3,14K","2,55%"
"27.04.2003","66,60","63,80","67,50","63,80","0,65K","4,31%"
"20.04.2003","63,85","67,40","68,90","64,20","1,24K","-3,62%"
"13.04.2003","66,25","61,40","65,40","61,40","","4,00%"
"06.04.2003","63,70","65,00","67,30","63,20","0,58K","-2,90%"
"30.03.2003","65,60","59,50","66,80","59,50","0,76K","6,32%"
"23.03.2003","61,70","59,20","61,70","57,00","0,41K","14,58%"
"16.03.2003","53,85","55,60","55,60","53,50","0,02K","-3,15%"
"09.03.2003","55,60","57,10","57,10","54,60","0,18K","-2,46%"
"02.03.2003","57,00","55,50","56,20","55,50","0,09K","5,36%"
"23.02.2003","54,10","58,70","58,80","53,75","0,36K","-10,80%"
"16.02.2003","60,65","62,15","62,15","60,65","","-2,41%"
"09.02.2003","62,15","67,20","67,20","62,20","","-7,10%"
"02.02.2003","66,90","66,40","67,10","64,20","1,94K","1,67%"
"26.01.2003","65,80","67,60","68,50","63,60","7,68K","-0,75%"
"19.01.2003","66,30","66,20","70,00","66,00","3,44K","0,15%"
"12.01.2003","66,20","64,40","66,70","64,00","3,22K","2,80%"
"05.01.2003","64,40","60,80","64,80","60,60","5,25K","5,75%"
"29.12.2002","60,90","60,20","61,50","59,70","1,00K","0,00%"
"22.12.2002","60,90","59,60","60,20","59,35","0,04K","8,75%"
"15.12.2002","56,00","54,25","56,60","54,25","0,27K","1,08%"
"08.12.2002","55,40","60,00","61,00","54,25","0,40K","-7,28%"
"01.12.2002","59,75","66,10","66,30","61,20","","-9,47%"
"24.11.2002","66,00","66,70","66,70","64,50","2,42K","0,76%"
"17.11.2002","65,50","64,50","66,80","62,60","2,28K","5,31%"
"10.11.2002","62,20","65,00","65,00","61,70","1,46K","-2,35%"
"03.11.2002","63,70","63,00","65,10","63,00","2,35K","3,41%"
"27.10.2002","61,60","60,00","62,70","56,80","4,20K","2,41%"
"20.10.2002","60,15","61,25","65,50","59,00","1,58K","-1,80%"
"13.10.2002","61,25","60,00","67,00","58,55","5,56K","1,91%"
"06.10.2002","60,10","52,90","56,00","52,00","4,99K","13,72%"
"29.09.2002","52,85","52,00","54,60","51,05","4,76K","1,44%"
"22.09.2002","52,10","53,60","53,80","51,25","2,64K","4,20%"
"15.09.2002","50,00","56,00","56,00","50,00","0,24K","-7,75%"
"08.09.2002","54,20","53,00","55,00","51,00","0,63K","9,49%"
"01.09.2002","49,50","45,40","49,50","45,40","1,21K","9,27%"
"25.08.2002","45,30","43,90","45,20","43,90","2,79K","3,19%"
"18.08.2002","43,90","42,90","44,40","42,80","2,90K","2,33%"
"11.08.2002","42,90","44,70","44,70","42,60","1,45K","-3,70%"
"04.08.2002","44,55","42,90","44,10","42,50","2,50K","1,48%"
"28.07.2002","43,90","42,00","44,40","40,90","3,86K","0,80%"
"21.07.2002","43,55","43,80","43,80","43,00","1,90K","1,28%"
"14.07.2002","43,00","43,00","43,00","43,00","","-5,91%"
"07.07.2002","45,70","42,25","45,70","42,25","0,10K","7,78%"
"30.06.2002","42,40","43,70","45,10","42,00","0,59K","-2,97%"
"23.06.2002","43,70","44,20","44,20","42,55","0,92K","0,81%"
"16.06.2002","43,35","44,50","44,80","43,50","0,64K","-1,70%"
"09.06.2002","44,10","47,90","48,00","44,00","0,28K","-7,93%"
"02.06.2002","47,90","51,00","51,00","47,80","0,80K","-6,26%"
"26.05.2002","51,10","51,20","51,70","50,05","1,67K","-0,20%"
"19.05.2002","51,20","49,50","51,20","49,50","0,06K","4,49%"
"12.05.2002","49,00","51,30","51,40","49,00","0,14K","-4,48%"
"05.05.2002","51,30","53,45","53,45","51,30","0,34K","-3,66%"
"28.04.2002","53,25","53,70","54,80","52,70","0,74K","-0,84%"
"21.04.2002","53,70","56,75","58,20","54,20","1,29K","-6,12%"
"14.04.2002","57,20","56,50","59,50","56,00","2,39K","0,88%"
"07.04.2002","56,70","58,50","60,00","56,50","2,91K","-3,08%"
"31.03.2002","58,50","60,60","62,60","58,30","3,15K","-2,01%"
"24.03.2002","59,70","57,70","59,90","57,70","0,15K","2,75%"
"17.03.2002","58,10","57,00","59,40","57,00","0,67K","-3,17%"
"10.03.2002","60,00","55,50","60,00","55,50","0,15K","8,70%"
"03.03.2002","55,20","51,80","53,50","51,80","0,28K","7,18%"
"24.02.2002","51,50","52,00","52,00","51,00","1,65K","0,00%"
"17.02.2002","51,50","51,80","53,60","51,80","3,51K","-2,00%"
"10.02.2002","52,55","51,20","52,80","51,10","1,66K","1,45%"
"03.02.2002","51,80","52,05","52,60","51,30","2,27K","-0,58%"
"27.01.2002","52,10","52,70","52,75","51,00","6,06K","-1,14%"
"20.01.2002","52,70","53,00","53,40","52,30","3,03K","-0,38%"
"13.01.2002","52,90","53,90","54,90","52,65","3,79K","-3,11%"
"06.01.2002","54,60","53,10","55,80","52,30","4,84K","2,82%"
"30.12.2001","53,10","52,00","53,50","51,50","1,08K","1,63%"
"23.12.2001","52,25","54,00","54,00","51,90","1,44K","0,48%"
"16.12.2001","52,00","45,95","52,00","52,00","0,01K","0,00%"
"09.12.2001","52,00","50,80","52,80","50,80","","1,96%"
"02.12.2001","51,00","51,00","51,00","51,00","","4,08%"
"25.11.2001","49,00","48,80","48,80","47,65","","-4,11%"
"18.11.2001","51,10","51,80","51,90","50,50","2,13K","0,39%"
"11.11.2001","50,90","49,25","52,30","49,00","0,83K","3,67%"
"04.11.2001","49,10","51,50","51,60","49,30","2,40K","-2,58%"
"28.10.2001","50,40","46,80","49,30","46,80","2,06K","7,69%"
"21.10.2001","46,80","45,75","47,00","45,50","1,91K","4,70%"
"14.10.2001","44,70","45,00","46,00","44,70","0,92K","0,00%"
"07.10.2001","44,70","46,15","46,15","45,40","","-5,89%"
"30.09.2001","47,50","49,10","49,50","46,20","2,54K","-3,36%"
"23.09.2001","49,15","50,60","51,50","48,70","5,37K","2,93%"
"16.09.2001","47,75","48,50","48,80","47,75","0,14K","-2,05%"
"09.09.2001","48,75","51,95","52,00","48,10","0,50K","-5,80%"
"02.09.2001","51,75","53,35","53,70","50,40","0,72K","-3,45%"
"26.08.2001","53,60","52,55","53,60","51,75","3,52K","1,80%"
"19.08.2001","52,65","54,90","55,50","51,80","3,50K","-4,96%"
"12.08.2001","55,40","50,40","56,00","49,60","4,83K","10,58%"
"05.08.2001","50,10","51,35","51,70","49,90","3,94K","-2,43%"
"29.07.2001","51,35","54,20","55,25","50,30","4,72K","-5,08%"
"22.07.2001","54,10","57,00","58,00","53,90","3,19K","-1,10%"
"15.07.2001","54,70","54,20","54,70","54,20","0,00K","1,30%"
"08.07.2001","54,00","53,00","54,00","51,50","0,05K","-1,82%"
"01.07.2001","55,00","58,50","58,95","55,00","0,16K","-3,68%"
"24.06.2001","57,10","60,75","60,75","58,50","2,17K","-6,70%"
"17.06.2001","61,20","62,60","64,50","60,50","3,34K","-2,55%"
"10.06.2001","62,80","60,80","62,60","60,75","2,06K","1,62%"
"03.06.2001","61,80","61,40","63,20","61,00","3,03K","0,49%"
"27.05.2001","61,50","63,50","63,70","60,60","4,68K","-2,46%"
"20.05.2001","63,05","65,60","65,90","63,00","2,53K","-3,00%"
"13.05.2001","65,00","65,00","65,00","65,00","","0,00%"
"06.05.2001","65,00","65,00","68,25","65,00","0,03K","3,17%"
"29.04.2001","63,00","63,00","66,60","61,50","0,38K","1,12%"
"22.04.2001","62,30","57,50","63,00","57,00","1,58K","7,60%"
"15.04.2001","57,90","57,60","59,65","57,00","2,00K","-1,19%"
"08.04.2001","58,60","60,35","60,50","58,00","3,62K","-3,46%"
"01.04.2001","60,70","64,70","65,00","60,50","3,43K","-6,04%"
"25.03.2001","64,60","64,50","66,75","64,20","5,56K","-0,31%"
"18.03.2001","64,80","64,75","64,90","64,30","0,96K","8,00%"
"11.03.2001","60,00","67,80","67,80","60,00","0,01K","-9,09%"
"04.03.2001","66,00","69,10","71,40","66,00","0,69K","-4,76%"
"25.02.2001","69,30","69,50","69,65","68,50","0,62K","-1,00%"
"18.02.2001","70,00","69,00","70,25","68,40","2,70K","1,45%"
"11.02.2001","69,00","70,00","72,00","68,50","3,89K","-1,43%"
"04.02.2001","70,00","70,10","70,20","67,70","4,34K","-0,36%"
"28.01.2001","70,25","74,50","75,50","70,00","6,65K","-6,21%"
"21.01.2001","74,90","76,40","80,00","74,80","5,12K","-1,96%"
"14.01.2001","76,40","73,00","79,00","72,40","8,93K","4,23%"
"07.01.2001","73,30","71,50","73,50","69,25","6,14K","3,24%"
"31.12.2000","71,00","73,80","73,80","69,20","3,27K","-3,47%"
"24.12.2000","73,55","71,20","74,00","71,00","3,04K","3,23%"
"17.12.2000","71,25","71,50","74,00","71,10","2,57K","3,26%"
"10.12.2000","69,00","73,50","73,50","71,70","0,03K","-4,56%"
"03.12.2000","72,30","73,00","74,50","72,50","0,40K","-2,95%"
"26.11.2000","74,50","78,40","80,00","74,50","2,14K","-6,17%"
"19.11.2000","79,40","82,25","83,80","79,00","2,40K","-3,47%"
"12.11.2000","82,25","87,00","87,50","82,00","2,81K","-5,35%"
"05.11.2000","86,90","84,50","88,25","84,50","3,44K","2,00%"
"29.10.2000","85,20","86,00","87,25","83,50","3,36K","-0,93%"
"22.10.2000","86,00","93,25","94,75","85,00","6,70K","-7,77%"
"15.10.2000","93,25","90,75","100,75","90,75","8,02K","2,87%"
"08.10.2000","90,65","87,00","92,00","87,00","2,93K","4,20%"
"01.10.2000","87,00","88,50","88,50","85,50","3,28K","-2,25%"
"24.09.2000","89,00","84,75","90,50","83,75","5,58K","11,25%"
"17.09.2000","80,00","84,00","84,50","80,00","0,30K","-4,76%"
"10.09.2000","84,00","83,00","87,00","83,00","0,53K","1,20%"
"03.09.2000","83,00","80,00","83,50","77,50","0,95K","3,75%"
"27.08.2000","80,00","84,75","84,75","78,75","3,68K","-4,42%"
"20.08.2000","83,70","85,70","86,75","83,25","2,67K","-2,11%"
"13.08.2000","85,50","86,00","86,25","80,75","5,44K","-0,58%"
"06.08.2000","86,00","88,25","88,75","83,00","3,66K","-3,26%"
"30.07.2000","88,90","90,50","91,00","87,50","4,15K","-1,50%"
"23.07.2000","90,25","90,00","91,50","86,00","8,82K","-20,13%"
"16.07.2000","113,00","90,00","120,00","90,00","0,00K","32,94%"
"09.07.2000","85,00","82,00","102,00","82,00","0,09K","3,66%"
"02.07.2000","82,00","84,75","85,50","81,75","0,26K","-2,84%"
"25.06.2000","84,40","89,50","90,75","84,00","1,14K","-5,70%"
"18.06.2000","89,50","91,40","93,00","88,00","1,58K","-2,19%"
"11.06.2000","91,50","98,00","99,75","91,50","2,77K","-7,20%"
"04.06.2000","98,60","103,50","103,50","93,50","4,37K","-6,01%"
"28.05.2000","104,90","108,60","111,00","102,00","3,39K","-3,32%"
"21.05.2000","108,50","113,00","113,75","107,00","2,69K","2,36%"
"14.05.2000","106,00","103,00","106,50","102,25","0,08K","-3,64%"
"07.05.2000","110,00","109,75","112,25","109,25","0,13K","0,00%"
"30.04.2000","110,00","110,80","111,25","106,00","0,73K","3,29%"
"23.04.2000","106,50","113,25","113,50","106,00","2,86K","-6,00%"
"16.04.2000","113,30","106,50","113,40","105,75","2,52K","6,38%"
"09.04.2000","106,50","114,50","114,50","106,00","3,90K","-7,59%"
"02.04.2000","115,25","121,00","121,00","111,75","2,99K","-4,04%"
"26.03.2000","120,10","118,75","123,25","118,50","2,30K","-0,25%"
"19.03.2000","120,40","122,00","122,00","118,00","0,32K","-1,31%"
"12.03.2000","122,00","122,00","122,00","118,00","0,05K","0,00%"
"05.03.2000","122,00","119,00","124,50","119,00","0,09K","2,52%"
"27.02.2000","119,00","108,00","119,00","108,00","0,56K","8,68%"
"20.02.2000","109,50","115,00","118,00","108,00","1,29K","-8,44%"
"13.02.2000","119,60","128,00","128,00","119,50","2,58K","-7,64%"
"06.02.2000","129,50","137,00","137,50","129,00","2,91K","-5,06%"
"30.01.2000","136,40","138,00","138,00","132,00","2,86K","-0,98%"
"23.01.2000","137,75","136,10","140,50","135,00","3,28K","1,66%"
"16.01.2000","135,50","138,00","144,00","134,00","4,57K","-3,15%"
"09.01.2000","139,90","152,00","155,00","139,00","4,65K","0,65%"
"02.01.2000","139,00","149,00","149,00","136,60","5,71K","-7,95%"
"26.12.1999","151,00","146,00","151,50","142,50","1,77K","3,71%"
"19.12.1999","145,60","162,00","169,00","139,50","8,14K","-9,90%"
"12.12.1999","161,60","153,30","163,00","145,00","6,28K","6,11%"